data,name,country,points,rank
2014/24,Taufik HIDAYAT,Indonesia,2660,425
2014/23,Taufik HIDAYAT,Indonesia,2660,413
2014/22,Taufik HIDAYAT,Indonesia,2660,414
2014/21,Taufik HIDAYAT,Indonesia,2660,416
2014/20,Taufik HIDAYAT,Indonesia,2660,418
2014/19,Taufik HIDAYAT,Indonesia,2660,418
2014/18,Taufik HIDAYAT,Indonesia,2660,422
2014/17,Taufik HIDAYAT,Indonesia,2660,423
2014/16,Taufik HIDAYAT,Indonesia,2660,416
2014/15,Taufik HIDAYAT,Indonesia,2660,419
2014/14,Taufik HIDAYAT,Indonesia,8980,181
2014/13,Taufik HIDAYAT,Indonesia,8980,182
2014/12,Taufik HIDAYAT,Indonesia,8980,183
2014/11,Taufik HIDAYAT,Indonesia,8980,181
2014/10,Taufik HIDAYAT,Indonesia,11640,143
2014/09,Taufik HIDAYAT,Indonesia,11640,144
2014/08,Taufik HIDAYAT,Indonesia,11640,146
2014/07,Taufik HIDAYAT,Indonesia,11640,143
2014/06,Taufik HIDAYAT,Indonesia,11640,143
2014/05,Taufik HIDAYAT,Indonesia,11640,143
2014/04,Taufik HIDAYAT,Indonesia,11640,141
2014/03,Taufik HIDAYAT,Indonesia,15240,107
2014/02,Taufik HIDAYAT,Indonesia,15240,106
2014/01,Taufik HIDAYAT,Indonesia,15240,106
2013/52,Taufik HIDAYAT,Indonesia,15240,106
2013/51,Taufik HIDAYAT,Indonesia,15900,101
2013/50,Taufik HIDAYAT,Indonesia,15900,100
2013/49,Taufik HIDAYAT,Indonesia,15900,97
2013/48,Taufik HIDAYAT,Indonesia,18620,84
2013/47,Taufik HIDAYAT,Indonesia,20840,66
2013/46,Taufik HIDAYAT,Indonesia,20840,70
2013/45,Taufik HIDAYAT,Indonesia,20840,69
2013/44,Taufik HIDAYAT,Indonesia,20840,70
2013/43,Taufik HIDAYAT,Indonesia,20840,69
2013/42,Taufik HIDAYAT,Indonesia,20840,71
2013/41,Taufik HIDAYAT,Indonesia,20840,71
2013/40,Taufik HIDAYAT,Indonesia,20840,67
2013/39,Taufik HIDAYAT,Indonesia,20840,67
2013/38,Taufik HIDAYAT,Indonesia,25880,49
2013/37,Taufik HIDAYAT,Indonesia,25880,48
2013/36,Taufik HIDAYAT,Indonesia,25880,48
2013/35,Taufik HIDAYAT,Indonesia,25880,48
2013/34,Taufik HIDAYAT,Indonesia,25880,50
2013/33,Taufik HIDAYAT,Indonesia,25880,50
2013/32,Taufik HIDAYAT,Indonesia,25880,48
2013/31,Taufik HIDAYAT,Indonesia,30680,39
2013/30,Taufik HIDAYAT,Indonesia,30680,39
2013/29,Taufik HIDAYAT,Indonesia,30680,38
2013/28,Taufik HIDAYAT,Indonesia,30680,37
2013/27,Taufik HIDAYAT,Indonesia,30680,39
2013/26,Taufik HIDAYAT,Indonesia,30680,39
2013/25,Taufik HIDAYAT,Indonesia,32240,36
2013/24,Taufik HIDAYAT,Indonesia,33900,35
2013/23,Taufik HIDAYAT,Indonesia,33900,35
2013/22,Taufik HIDAYAT,Indonesia,33900,35
2013/21,Taufik HIDAYAT,Indonesia,37190,31
2013/20,Taufik HIDAYAT,Indonesia,37190,31
2013/19,Taufik HIDAYAT,Indonesia,37190,31
2013/18,Taufik HIDAYAT,Indonesia,37190,29
2013/17,Taufik HIDAYAT,Indonesia,38630,26
2013/16,Taufik HIDAYAT,Indonesia,38630,26
2013/15,Taufik HIDAYAT,Indonesia,38630,26
2013/14,Taufik HIDAYAT,Indonesia,39760,25
2013/13,Taufik HIDAYAT,Indonesia,39760,25
2013/12,Taufik HIDAYAT,Indonesia,39760,25
2013/11,Taufik HIDAYAT,Indonesia,42440,23
2013/10,Taufik HIDAYAT,Indonesia,45830,20
2013/09,Taufik HIDAYAT,Indonesia,45830,21
2013/08,Taufik HIDAYAT,Indonesia,45830,21
2013/07,Taufik HIDAYAT,Indonesia,45830,21
2013/06,Taufik HIDAYAT,Indonesia,45830,21
2013/05,Taufik HIDAYAT,Indonesia,45830,21
2013/04,Taufik HIDAYAT,Indonesia,45830,21
2013/03,Taufik HIDAYAT,Indonesia,44450,21
2013/02,Taufik HIDAYAT,Indonesia,47270,17
2013/01,Taufik HIDAYAT,Indonesia,47270,19
2012/52,Taufik HIDAYAT,Indonesia,47270,19
2012/51,Taufik HIDAYAT,Indonesia,51550,12
2012/50,Taufik HIDAYAT,Indonesia,52020,11
2012/49,Taufik HIDAYAT,Indonesia,52020,12
2012/48,Taufik HIDAYAT,Indonesia,52020,13
2012/47,Taufik HIDAYAT,Indonesia,52020,13
2012/46,Taufik HIDAYAT,Indonesia,52020,13
2012/45,Taufik HIDAYAT,Indonesia,52020,13
2012/44,Taufik HIDAYAT,Indonesia,52020,13
2012/43,Taufik HIDAYAT,Indonesia,52020,13
2012/42,Taufik HIDAYAT,Indonesia,52020,12
2012/41,Taufik HIDAYAT,Indonesia,52020,12
2012/40,Taufik HIDAYAT,Indonesia,52020,11
2012/39,Taufik HIDAYAT,Indonesia,52600,11
2012/38,Taufik HIDAYAT,Indonesia,51880,12
2012/37,Taufik HIDAYAT,Indonesia,51880,12
2012/36,Taufik HIDAYAT,Indonesia,51880,12
2012/35,Taufik HIDAYAT,Indonesia,51880,12
2012/34,Taufik HIDAYAT,Indonesia,51880,12
2012/33,Taufik HIDAYAT,Indonesia,51880,12
2012/32,Taufik HIDAYAT,Indonesia,51880,13
2012/31,Taufik HIDAYAT,Indonesia,51400,12
2012/30,Taufik HIDAYAT,Indonesia,51400,12
2012/29,Taufik HIDAYAT,Indonesia,51400,12
2012/28,Taufik HIDAYAT,Indonesia,51400,12
2012/27,Taufik HIDAYAT,Indonesia,51400,12
2012/26,Taufik HIDAYAT,Indonesia,51400,12
2012/25,Taufik HIDAYAT,Indonesia,51400,12
2012/24,Taufik HIDAYAT,Indonesia,53130,12
2012/23,Taufik HIDAYAT,Indonesia,53130,12
2012/22,Taufik HIDAYAT,Indonesia,53130,12
2012/21,Taufik HIDAYAT,Indonesia,52955,12
2012/20,Taufik HIDAYAT,Indonesia,52955,12
2012/19,Taufik HIDAYAT,Indonesia,52955,12
2012/18,Taufik HIDAYAT,Indonesia,52955,12
2012/17,Taufik HIDAYAT,Indonesia,52955,12
2012/16,Taufik HIDAYAT,Indonesia,52955,12
2012/15,Taufik HIDAYAT,Indonesia,52955,12
2012/14,Taufik HIDAYAT,Indonesia,52955,11
2012/13,Taufik HIDAYAT,Indonesia,52955,11
2012/12,Taufik HIDAYAT,Indonesia,52955,11
2012/11,Taufik HIDAYAT,Indonesia,52375,12
2012/10,Taufik HIDAYAT,Indonesia,50575,12
2012/09,Taufik HIDAYAT,Indonesia,50575,12
2012/08,Taufik HIDAYAT,Indonesia,50575,12
2012/07,Taufik HIDAYAT,Indonesia,49090,12
2012/06,Taufik HIDAYAT,Indonesia,49090,12
2012/05,Taufik HIDAYAT,Indonesia,49090,12
2012/04,Taufik HIDAYAT,Indonesia,49090,12
2012/03,Taufik HIDAYAT,Indonesia,49090,12
2012/02,Taufik HIDAYAT,Indonesia,51850,11
2012/01,Taufik HIDAYAT,Indonesia,54050,9
2011/52,Taufik HIDAYAT,Indonesia,54050,9
2011/51,Taufik HIDAYAT,Indonesia,50900,12
2011/50,Taufik HIDAYAT,Indonesia,52630,11
2011/49,Taufik HIDAYAT,Indonesia,52630,10
2011/48,Taufik HIDAYAT,Indonesia,52630,9
2011/47,Taufik HIDAYAT,Indonesia,51910,9
2011/46,Taufik HIDAYAT,Indonesia,56110,8
2011/45,Taufik HIDAYAT,Indonesia,56110,8
2011/44,Taufik HIDAYAT,Indonesia,56110,8
2011/43,Taufik HIDAYAT,Indonesia,61460,6
2011/42,Taufik HIDAYAT,Indonesia,64940,5
2011/41,Taufik HIDAYAT,Indonesia,64940,5
2011/40,Taufik HIDAYAT,Indonesia,64940,5
2011/39,Taufik HIDAYAT,Indonesia,67040,5
2011/38,Taufik HIDAYAT,Indonesia,67040,5
2011/37,Taufik HIDAYAT,Indonesia,67040,5
2011/36,Taufik HIDAYAT,Indonesia,67040,5
2011/35,Taufik HIDAYAT,Indonesia,67040,5
2011/34,Taufik HIDAYAT,Indonesia,67040,5
2011/33,Taufik HIDAYAT,Indonesia,67040,5
2011/32,Taufik HIDAYAT,Indonesia,72990,4
2011/31,Taufik HIDAYAT,Indonesia,72990,4
2011/30,Taufik HIDAYAT,Indonesia,72990,4
2011/29,Taufik HIDAYAT,Indonesia,72990,4
2011/28,Taufik HIDAYAT,Indonesia,72990,4
2011/27,Taufik HIDAYAT,Indonesia,72990,4
2011/26,Taufik HIDAYAT,Indonesia,72990,4
2011/25,Taufik HIDAYAT,Indonesia,74740,3
2011/24,Taufik HIDAYAT,Indonesia,74740,3
2011/23,Taufik HIDAYAT,Indonesia,74740,3
2011/22,Taufik HIDAYAT,Indonesia,74740,3
2011/21,Taufik HIDAYAT,Indonesia,74740,2
2011/20,Taufik HIDAYAT,Indonesia,74740,2
2011/19,Taufik HIDAYAT,Indonesia,76392,3
2011/18,Taufik HIDAYAT,Indonesia,76392,3
2011/17,Taufik HIDAYAT,Indonesia,76392,3
2011/16,Taufik HIDAYAT,Indonesia,76392,2
2011/15,Taufik HIDAYAT,Indonesia,76392,3
2011/14,Taufik HIDAYAT,Indonesia,76392,3
2011/13,Taufik HIDAYAT,Indonesia,76392,3
2011/12,Taufik HIDAYAT,Indonesia,76392,3
2011/11,Taufik HIDAYAT,Indonesia,76392,3
2011/10,Taufik HIDAYAT,Indonesia,76392,2
2011/09,Taufik HIDAYAT,Indonesia,76392,2
2011/08,Taufik HIDAYAT,Indonesia,76752,2
2011/07,Taufik HIDAYAT,Indonesia,76752,2
2011/06,Taufik HIDAYAT,Indonesia,76752,2
2011/05,Taufik HIDAYAT,Indonesia,75742,2
2011/04,Taufik HIDAYAT,Indonesia,76752,2
2011/03,Taufik HIDAYAT,Indonesia,72942,2
2011/02,Taufik HIDAYAT,Indonesia,72942,2
2011/01,Taufik HIDAYAT,Indonesia,71792,2
2010/52,Taufik HIDAYAT,Indonesia,71792,2
2010/51,Taufik HIDAYAT,Indonesia,71792,2
2010/50,Taufik HIDAYAT,Indonesia,71792,2
2010/49,Taufik HIDAYAT,Indonesia,67592,3
2010/48,Taufik HIDAYAT,Indonesia,67592,3
2010/47,Taufik HIDAYAT,Indonesia,67592,3
2010/46,Taufik HIDAYAT,Indonesia,67592,3
2010/45,Taufik HIDAYAT,Indonesia,67592,3
2010/44,Taufik HIDAYAT,Indonesia,66192,4
2010/43,Taufik HIDAYAT,Indonesia,61992,5
2010/42,Taufik HIDAYAT,Indonesia,61992,5
2010/41,Taufik HIDAYAT,Indonesia,57712,5
2010/40,Taufik HIDAYAT,Indonesia,57712,5
2010/39,Taufik HIDAYAT,Indonesia,57712,5
2010/38,Taufik HIDAYAT,Indonesia,62792,4
2010/37,Taufik HIDAYAT,Indonesia,62792,4
2010/36,Taufik HIDAYAT,Indonesia,62792,4
2010/35,Taufik HIDAYAT,Indonesia,62792,4
2010/34,Taufik HIDAYAT,Indonesia,55312,4
2010/33,Taufik HIDAYAT,Indonesia,60992,5
2010/32,Taufik HIDAYAT,Indonesia,60992,5
2010/31,Taufik HIDAYAT,Indonesia,62292,5
2010/30,Taufik HIDAYAT,Indonesia,63592,5
2010/29,Taufik HIDAYAT,Indonesia,63592,5
2010/28,Taufik HIDAYAT,Indonesia,63592,5
2010/27,Taufik HIDAYAT,Indonesia,62292,5
2010/26,Taufik HIDAYAT,Indonesia,62292,5
2010/25,Taufik HIDAYAT,Indonesia,62292,5
2010/24,Taufik HIDAYAT,Indonesia,62292,5
2010/23,Taufik HIDAYAT,Indonesia,62292,5
2010/22,Taufik HIDAYAT,Indonesia,62292,5
2010/21,Taufik HIDAYAT,Indonesia,62292,5
2010/20,Taufik HIDAYAT,Indonesia,62292,5
2010/19,Taufik HIDAYAT,Indonesia,62292,5
2010/18,Taufik HIDAYAT,Indonesia,62292,5
2010/17,Taufik HIDAYAT,Indonesia,62292,5
2010/16,Taufik HIDAYAT,Indonesia,62292,5
2010/15,Taufik HIDAYAT,Indonesia,62292,5
2010/14,Taufik HIDAYAT,Indonesia,62292,5
2010/13,Taufik HIDAYAT,Indonesia,65692,3
2010/12,Taufik HIDAYAT,Indonesia,65692,3
2010/11,Taufik HIDAYAT,Indonesia,65832,3
2010/10,Taufik HIDAYAT,Indonesia,67212,3
2010/09,Taufik HIDAYAT,Indonesia,67212,3
2010/08,Taufik HIDAYAT,Indonesia,65060,4
2010/07,Taufik HIDAYAT,Indonesia,65060,4
2010/06,Taufik HIDAYAT,Indonesia,65060,4
2010/05,Taufik HIDAYAT,Indonesia,65060,4
2010/04,Taufik HIDAYAT,Indonesia,65060,4
2010/03,Taufik HIDAYAT,Indonesia,65060,4
2010/02,Taufik HIDAYAT,Indonesia,65060,3
2010/01,Taufik HIDAYAT,Indonesia,65060,3
2009/53,Taufik HIDAYAT,Indonesia,65060,3
2009/52,Taufik HIDAYAT,Indonesia,65060,3
2009/51,Taufik HIDAYAT,Indonesia,65060,3
2009/50,Taufik HIDAYAT,Indonesia,65060,3
2009/49,Taufik HIDAYAT,Indonesia,65060,3
2009/48,Taufik HIDAYAT,Indonesia,65060,3
2009/47,Taufik HIDAYAT,Indonesia,65060,3
2009/46,Taufik HIDAYAT,Indonesia,66580,4
2009/45,Taufik HIDAYAT,Indonesia,66580,4
2009/44,Taufik HIDAYAT,Indonesia,66580,3
2009/43,Taufik HIDAYAT,Indonesia,66580,5
2009/42,Taufik HIDAYAT,Indonesia,66580,5
2009/41,Taufik HIDAYAT,Indonesia,66580,5
2009/40,Taufik HIDAYAT,Indonesia,66580,5
2009/39,Taufik HIDAYAT,Indonesia,65970,4
2009/38,Taufik HIDAYAT,Indonesia,65970,4
2009/37,Taufik HIDAYAT,Indonesia,65970,4
2009/36,Taufik HIDAYAT,Indonesia,65970,4
2009/35,Taufik HIDAYAT,Indonesia,65970,4
2009/34,Taufik HIDAYAT,Indonesia,65970,4
2009/33,Taufik HIDAYAT,Indonesia,62820,4
2009/32,Taufik HIDAYAT,Indonesia,62820,4
2009/31,Taufik HIDAYAT,Indonesia,62820,4
2009/30,Taufik HIDAYAT,Indonesia,62820,4
2009/29,Taufik HIDAYAT,Indonesia,62820,4
2009/28,Taufik HIDAYAT,Indonesia,62820,4
2009/27,Taufik HIDAYAT,Indonesia,62820,4
2009/26,Taufik HIDAYAT,Indonesia,62820,4
2009/25,Taufik HIDAYAT,Indonesia,57660,6
2009/24,Taufik HIDAYAT,Indonesia,57660,6
2009/23,Taufik HIDAYAT,Indonesia,57660,6
2009/22,Taufik HIDAYAT,Indonesia,57660,6
2009/21,Taufik HIDAYAT,Indonesia,57660,6
2009/20,Taufik HIDAYAT,Indonesia,57660,6
2009/19,Taufik HIDAYAT,Indonesia,57660,6
2009/18,Taufik HIDAYAT,Indonesia,57660,6
2009/17,Taufik HIDAYAT,Indonesia,57660,6
2009/16,Taufik HIDAYAT,Indonesia,57660,6
2009/15,Taufik HIDAYAT,Indonesia,57660,6
2009/14,Taufik HIDAYAT,Indonesia,57660,6
2009/13,Taufik HIDAYAT,Indonesia,55700,6
2009/12,Taufik HIDAYAT,Indonesia,55700,6
2009/11,Taufik HIDAYAT,Indonesia,55700,6
2009/10,Taufik HIDAYAT,Indonesia,53900,6
2009/09,Taufik HIDAYAT,Indonesia,53900,6
2009/08,Taufik HIDAYAT,Indonesia,53900,6
2009/07,Taufik HIDAYAT,Indonesia,53900,6
2009/06,Taufik HIDAYAT,Indonesia,53900,6
2009/05,Taufik HIDAYAT,Indonesia,53900,6
2009/04,Taufik HIDAYAT,Indonesia,53900,6
2009/03,Taufik HIDAYAT,Indonesia,53900,6
2009/02,Taufik HIDAYAT,Indonesia,53900,6
2009/01,Taufik HIDAYAT,Indonesia,53900,6
2008/52,Taufik HIDAYAT,Indonesia,53900,6
2008/51,Taufik HIDAYAT,Indonesia,50300,8
2008/50,Taufik HIDAYAT,Indonesia,50300,8
2008/49,Taufik HIDAYAT,Indonesia,50540,8
2008/48,Taufik HIDAYAT,Indonesia,48920,10
2008/47,Taufik HIDAYAT,Indonesia,48440,10
2008/46,Taufik HIDAYAT,Indonesia,48440,10
2008/45,Taufik HIDAYAT,Indonesia,50170,10
2008/44,Taufik HIDAYAT,Indonesia,45140,11
2008/43,Taufik HIDAYAT,Indonesia,45140,11
2008/42,Taufik HIDAYAT,Indonesia,45140,11
2008/41,Taufik HIDAYAT,Indonesia,46770,10
2008/40,Taufik HIDAYAT,Indonesia,44090,11
2008/39,Taufik HIDAYAT,Indonesia,45000,10
2008/38,Taufik HIDAYAT,Indonesia,48300,10
2008/37,Taufik HIDAYAT,Indonesia,48300,10
2008/36,Taufik HIDAYAT,Indonesia,48300,10
2008/35,Taufik HIDAYAT,Indonesia,48300,10
2008/34,Taufik HIDAYAT,Indonesia,48300,10
2008/33,Taufik HIDAYAT,Indonesia,48300,10
2008/32,Taufik HIDAYAT,Indonesia,48300,10
2008/31,Taufik HIDAYAT,Indonesia,48300,10
2008/30,Taufik HIDAYAT,Indonesia,48300,10
2008/29,Taufik HIDAYAT,Indonesia,49020,9
2008/28,Taufik HIDAYAT,Indonesia,49020,9
2008/27,Taufik HIDAYAT,Indonesia,49020,9
2008/26,Taufik HIDAYAT,Indonesia,49020,9
2008/25,Taufik HIDAYAT,Indonesia,49020,8
2008/24,Taufik HIDAYAT,Indonesia,49020,8
2008/23,Taufik HIDAYAT,Indonesia,49020,8
2008/22,Taufik HIDAYAT,Indonesia,49020,8
2008/21,Taufik HIDAYAT,Indonesia,49020,8
2008/20,Taufik HIDAYAT,Indonesia,52380,7
2008/19,Taufik HIDAYAT,Indonesia,52380,7
2008/18,Taufik HIDAYAT,Indonesia,52380,7
2008/17,Taufik HIDAYAT,Indonesia,52380,7
2008/16,Taufik HIDAYAT,Indonesia,56540,5
2008/15,Taufik HIDAYAT,Indonesia,56540,5
2008/14,Taufik HIDAYAT,Indonesia,56540,5
2008/13,Taufik HIDAYAT,Indonesia,56540,5
2008/12,Taufik HIDAYAT,Indonesia,56540,5
2008/11,Taufik HIDAYAT,Indonesia,56540,5
2008/10,Taufik HIDAYAT,Indonesia,54980,5
2008/09,Taufik HIDAYAT,Indonesia,54980,5
2008/08,Taufik HIDAYAT,Indonesia,54980,5
2008/07,Taufik HIDAYAT,Indonesia,54980,5
2008/06,Taufik HIDAYAT,Indonesia,54980,5
2008/05,Taufik HIDAYAT,Indonesia,54980,5
2008/04,Taufik HIDAYAT,Indonesia,54980,5
2008/03,Taufik HIDAYAT,Indonesia,54980,5
2008/02,Taufik HIDAYAT,Indonesia,54980,5
2008/01,Taufik HIDAYAT,Indonesia,54980,5
2007/52,Taufik HIDAYAT,Indonesia,54980,5
2007/51,Taufik HIDAYAT,Indonesia,54980,5
2007/50,Taufik HIDAYAT,Indonesia,54980,5
2007/49,Taufik HIDAYAT,Indonesia,59140,4
2007/48,Taufik HIDAYAT,Indonesia,59140,4
2007/47,Taufik HIDAYAT,Indonesia,59140,4
2007/46,Taufik HIDAYAT,Indonesia,59140,4
2007/45,Taufik HIDAYAT,Indonesia,59140,4
2007/44,Taufik HIDAYAT,Indonesia,57410,4
2007/43,Taufik HIDAYAT,Indonesia,56690,4
2007/42,Taufik HIDAYAT,Indonesia,59690,5
2007/41,Taufik HIDAYAT,Indonesia,64000,3
2007/40,Taufik HIDAYAT,Indonesia,63090,5
2007/39,Taufik HIDAYAT,Indonesia,63090,5
2007/38,Taufik HIDAYAT,Indonesia,62340,5
2007/37,Taufik HIDAYAT,Indonesia,56590,7
2007/36,Taufik HIDAYAT,Indonesia,56590,7
2007/35,Taufik HIDAYAT,Indonesia,58030,7
2007/34,Taufik HIDAYAT,Indonesia,58030,7
2007/33,Taufik HIDAYAT,Indonesia,58030,5
2007/32,Taufik HIDAYAT,Indonesia,58030,5
2007/31,Taufik HIDAYAT,Indonesia,58030,5
2007/30,Taufik HIDAYAT,Indonesia,58030,7
2007/29,Taufik HIDAYAT,Indonesia,58030,7
2007/28,Taufik HIDAYAT,Indonesia,56590,7
2007/27,Taufik HIDAYAT,Indonesia,56590,7
2007/26,Taufik HIDAYAT,Indonesia,56590,7
2007/25,Taufik HIDAYAT,Indonesia,56590,7
2007/24,Taufik HIDAYAT,Indonesia,56590,8
2007/23,Taufik HIDAYAT,Indonesia,56590,8
2007/22,Taufik HIDAYAT,Indonesia,64990,4
2007/21,Taufik HIDAYAT,Indonesia,64990,4
2007/20,Taufik HIDAYAT,Indonesia,64990,4
2007/19,Taufik HIDAYAT,Indonesia,60190,6
2007/18,Taufik HIDAYAT,Indonesia,60190,5
2007/17,Taufik HIDAYAT,Indonesia,60190,5
2007/16,Taufik HIDAYAT,Indonesia,60190,5
2007/15,Taufik HIDAYAT,Indonesia,53740,8
2007/14,Taufik HIDAYAT,Indonesia,53740,8
2007/13,Taufik HIDAYAT,Indonesia,53740,8
2007/12,Taufik HIDAYAT,Indonesia,53740,8
2007/11,Taufik HIDAYAT,Indonesia,53740,8
2007/10,Taufik HIDAYAT,Indonesia,53740,8
2007/09,Taufik HIDAYAT,Indonesia,53740,8
2007/08,Taufik HIDAYAT,Indonesia,53740,8
2007/07,Taufik HIDAYAT,Indonesia,53740,8
2007/06,Taufik HIDAYAT,Indonesia,53740,8
2007/05,Taufik HIDAYAT,Indonesia,53740,8
2007/04,Taufik HIDAYAT,Indonesia,53740,8
2007/03,Taufik HIDAYAT,Indonesia,53740,8
2007/02,Taufik HIDAYAT,Indonesia,53740,8
2007/01,Taufik HIDAYAT,Indonesia,53740,8
2006/52,Taufik HIDAYAT,Indonesia,53740,8
2006/51,Taufik HIDAYAT,Indonesia,53740,8
2006/50,Taufik HIDAYAT,Indonesia,53740,8
2006/49,Taufik HIDAYAT,Indonesia,45420,10
2006/48,Taufik HIDAYAT,Indonesia,45420,10
2006/47,Taufik HIDAYAT,Indonesia,45420,10
2006/46,Taufik HIDAYAT,Indonesia,45420,10
2006/45,Taufik HIDAYAT,Indonesia,45740,10
2006/44,Taufik HIDAYAT,Indonesia,48140,8
2006/43,Taufik HIDAYAT,Indonesia,48140,8
2006/42,Taufik HIDAYAT,Indonesia,42740,12
2006/41,Taufik HIDAYAT,Indonesia,34270,16
2006/40,Taufik HIDAYAT,Indonesia,34270,16
2006/39,Taufik HIDAYAT,Indonesia,34270,16
2006/38,Taufik HIDAYAT,Indonesia,33870,18
2006/37,Taufik HIDAYAT,Indonesia,33870,18
2006/36,Taufik HIDAYAT,Indonesia,33870,21
2006/35,Taufik HIDAYAT,Indonesia,28830,31
2006/34,Taufik HIDAYAT,Indonesia,25230,33
2006/33,Taufik HIDAYAT,Indonesia,38230,13
2006/32,Taufik HIDAYAT,Indonesia,38230,13
2006/31,Taufik HIDAYAT,Indonesia,38230,13
2006/30,Taufik HIDAYAT,Indonesia,38230,11
2006/29,Taufik HIDAYAT,Indonesia,35480,16
2006/28,Taufik HIDAYAT,Indonesia,35480,16
2006/27,Taufik HIDAYAT,Indonesia,41530,11
2006/26,Taufik HIDAYAT,Indonesia,50730,9
2006/25,Taufik HIDAYAT,Indonesia,50730,9
2006/24,Taufik HIDAYAT,Indonesia,50730,8
2006/23,Taufik HIDAYAT,Indonesia,49850,7
2006/22,Taufik HIDAYAT,Indonesia,37850,13
2006/21,Taufik HIDAYAT,Indonesia,37850,13
2006/20,Taufik HIDAYAT,Indonesia,37850,13
2006/19,Taufik HIDAYAT,Indonesia,37850,13
2006/18,Taufik HIDAYAT,Indonesia,37850,13
2006/17,Taufik HIDAYAT,Indonesia,37850,13
2006/16,Taufik HIDAYAT,Indonesia,37850,13
2006/15,Taufik HIDAYAT,Indonesia,37850,13
2006/14,Taufik HIDAYAT,Indonesia,45550,8
2006/13,Taufik HIDAYAT,Indonesia,45550,10
2006/12,Taufik HIDAYAT,Indonesia,45550,10
2006/11,Taufik HIDAYAT,Indonesia,45550,10
2006/10,Taufik HIDAYAT,Indonesia,45550,10
2006/09,Taufik HIDAYAT,Indonesia,45550,10
2006/08,Taufik HIDAYAT,Indonesia,45550,10
2006/07,Taufik HIDAYAT,Indonesia,45550,10
2006/06,Taufik HIDAYAT,Indonesia,45550,10
2006/05,Taufik HIDAYAT,Indonesia,45550,10
2006/04,Taufik HIDAYAT,Indonesia,45550,10
2006/03,Taufik HIDAYAT,Indonesia,45550,10
2006/02,Taufik HIDAYAT,Indonesia,45550,10
2006/01,Taufik HIDAYAT,Indonesia,45550,10
2005/52,Taufik HIDAYAT,Indonesia,45550,10
2005/51,Taufik HIDAYAT,Indonesia,45550,10
2005/50,Taufik HIDAYAT,Indonesia,57550,5
2005/49,Taufik HIDAYAT,Indonesia,57550,5
2005/48,Taufik HIDAYAT,Indonesia,57550,5
2005/47,Taufik HIDAYAT,Indonesia,57550,5
2005/46,Taufik HIDAYAT,Indonesia,57550,6
2005/45,Taufik HIDAYAT,Indonesia,64750,3
2005/44,Taufik HIDAYAT,Indonesia,62030,4
2005/43,Taufik HIDAYAT,Indonesia,62030,4
2005/42,Taufik HIDAYAT,Indonesia,62030,4
2005/41,Taufik HIDAYAT,Indonesia,62030,4
2005/40,Taufik HIDAYAT,Indonesia,62030,5
2005/39,Taufik HIDAYAT,Indonesia,62030,5
2005/38,Taufik HIDAYAT,Indonesia,57230,6
2005/37,Taufik HIDAYAT,Indonesia,57230,6
2005/36,Taufik HIDAYAT,Indonesia,57230,6
2005/35,Taufik HIDAYAT,Indonesia,57230,6
2005/34,Taufik HIDAYAT,Indonesia,57230,6
2005/33,Taufik HIDAYAT,Indonesia,57230,4
2005/32,Taufik HIDAYAT,Indonesia,57230,4
2005/31,Taufik HIDAYAT,Indonesia,57230,4
2005/30,Taufik HIDAYAT,Indonesia,57230,4
2005/29,Taufik HIDAYAT,Indonesia,57230,4
2005/28,Taufik HIDAYAT,Indonesia,57230,4
2005/27,Taufik HIDAYAT,Indonesia,51180,4
2005/26,Taufik HIDAYAT,Indonesia,46300,8
2005/25,Taufik HIDAYAT,Indonesia,46300,8
2005/24,Taufik HIDAYAT,Indonesia,46300,8
2005/23,Taufik HIDAYAT,Indonesia,46300,8
2005/22,Taufik HIDAYAT,Indonesia,46300,8
2005/21,Taufik HIDAYAT,Indonesia,46300,8
2005/20,Taufik HIDAYAT,Indonesia,46300,8
2005/19,Taufik HIDAYAT,Indonesia,46300,8
2005/18,Taufik HIDAYAT,Indonesia,46300,8
2005/17,Taufik HIDAYAT,Indonesia,55500,3
2005/16,Taufik HIDAYAT,Indonesia,55500,4
2005/15,Taufik HIDAYAT,Indonesia,55500,4
2005/14,Taufik HIDAYAT,Indonesia,47800,8
2005/13,Taufik HIDAYAT,Indonesia,48680,7
2005/12,Taufik HIDAYAT,Indonesia,48680,7
2005/11,Taufik HIDAYAT,Indonesia,48680,7
2005/10,Taufik HIDAYAT,Indonesia,57080,3
2005/09,Taufik HIDAYAT,Indonesia,58950,2
2005/08,Taufik HIDAYAT,Indonesia,58950,2
2005/07,Taufik HIDAYAT,Indonesia,58950,2
2005/06,Taufik HIDAYAT,Indonesia,58950,2
2005/05,Taufik HIDAYAT,Indonesia,58950,2
2005/04,Taufik HIDAYAT,Indonesia,58950,2
2005/03,Taufik HIDAYAT,Indonesia,58950,2
2005/02,Taufik HIDAYAT,Indonesia,58950,2
2005/01,Taufik HIDAYAT,Indonesia,58950,2
2004/53,Taufik HIDAYAT,Indonesia,58950,2
2004/52,Taufik HIDAYAT,Indonesia,58950,2
2004/51,Taufik HIDAYAT,Indonesia,47830,5
2004/50,Taufik HIDAYAT,Indonesia,47830,5
2004/49,Taufik HIDAYAT,Indonesia,47830,5
2004/48,Taufik HIDAYAT,Indonesia,47830,5
2004/47,Taufik HIDAYAT,Indonesia,46950,7
2004/46,Taufik HIDAYAT,Indonesia,42400,6
2004/45,Taufik HIDAYAT,Indonesia,44620,7
2004/44,Taufik HIDAYAT,Indonesia,44620,7
2004/43,Taufik HIDAYAT,Indonesia,44620,8
2004/42,Taufik HIDAYAT,Indonesia,44620,8
2004/41,Taufik HIDAYAT,Indonesia,44620,8
2004/40,Taufik HIDAYAT,Indonesia,48060,7
2004/39,Taufik HIDAYAT,Indonesia,48060,7
2004/38,Taufik HIDAYAT,Indonesia,48060,7
2004/37,Taufik HIDAYAT,Indonesia,48060,9
2004/36,Taufik HIDAYAT,Indonesia,57840,3
2004/35,Taufik HIDAYAT,Indonesia,57840,3
2004/34,Taufik HIDAYAT,Indonesia,47060,9
2004/33,Taufik HIDAYAT,Indonesia,47060,9
2004/32,Taufik HIDAYAT,Indonesia,50040,10
2004/31,Taufik HIDAYAT,Indonesia,50040,10
2004/30,Taufik HIDAYAT,Indonesia,50040,10
2004/29,Taufik HIDAYAT,Indonesia,50040,10
2004/28,Taufik HIDAYAT,Indonesia,50040,10
2004/27,Taufik HIDAYAT,Indonesia,47940,11
2004/26,Taufik HIDAYAT,Indonesia,47940,11
2004/25,Taufik HIDAYAT,Indonesia,47940,11
2004/24,Taufik HIDAYAT,Indonesia,47940,11
2004/23,Taufik HIDAYAT,Indonesia,47940,11
2004/22,Taufik HIDAYAT,Indonesia,47940,11
2004/21,Taufik HIDAYAT,Indonesia,47940,11
2004/20,Taufik HIDAYAT,Indonesia,47940,11
2004/19,Taufik HIDAYAT,Indonesia,47940,11
2004/18,Taufik HIDAYAT,Indonesia,39620,16
2004/17,Taufik HIDAYAT,Indonesia,39620,15
2004/16,Taufik HIDAYAT,Indonesia,39620,17
2004/15,Taufik HIDAYAT,Indonesia,46440,10
2004/14,Taufik HIDAYAT,Indonesia,46440,9
2004/13,Taufik HIDAYAT,Indonesia,46440,9
2004/12,Taufik HIDAYAT,Indonesia,46440,9
2004/11,Taufik HIDAYAT,Indonesia,38040,15
2004/10,Taufik HIDAYAT,Indonesia,35290,17
2004/09,Taufik HIDAYAT,Indonesia,35290,17
2004/08,Taufik HIDAYAT,Indonesia,35290,18
2004/07,Taufik HIDAYAT,Indonesia,36490,19
2004/06,Taufik HIDAYAT,Indonesia,36490,19
2004/05,Taufik HIDAYAT,Indonesia,36490,19
2004/04,Taufik HIDAYAT,Indonesia,36490,17
2004/03,Taufik HIDAYAT,Indonesia,36490,17
2004/02,Taufik HIDAYAT,Indonesia,36490,18
2004/01,Taufik HIDAYAT,Indonesia,36490,18
2003/52,Taufik HIDAYAT,Indonesia,36490,18
2003/51,Taufik HIDAYAT,Indonesia,36490,18
2003/50,Taufik HIDAYAT,Indonesia,36490,19
2003/49,Taufik HIDAYAT,Indonesia,36490,19
2003/48,Taufik HIDAYAT,Indonesia,36490,19
2003/47,Taufik HIDAYAT,Indonesia,36490,19
2003/46,Taufik HIDAYAT,Indonesia,44290,10
2003/45,Taufik HIDAYAT,Indonesia,40440,14
2003/44,Taufik HIDAYAT,Indonesia,38220,16
2003/43,Taufik HIDAYAT,Indonesia,38220,15
2003/42,Taufik HIDAYAT,Indonesia,47420,8
2003/41,Taufik HIDAYAT,Indonesia,47420,8
2003/40,Taufik HIDAYAT,Indonesia,47420,7
2003/39,Taufik HIDAYAT,Indonesia,43100,9
2003/38,Taufik HIDAYAT,Indonesia,43100,9
2003/37,Taufik HIDAYAT,Indonesia,43100,8
2003/36,Taufik HIDAYAT,Indonesia,43100,7
2003/35,Taufik HIDAYAT,Indonesia,43100,5
2003/34,Taufik HIDAYAT,Indonesia,45320,5
2003/33,Taufik HIDAYAT,Indonesia,45320,5
2003/32,Taufik HIDAYAT,Indonesia,45320,5
2003/31,Taufik HIDAYAT,Indonesia,40120,6
2003/30,Taufik HIDAYAT,Indonesia,40120,6
2003/29,Taufik HIDAYAT,Indonesia,47120,3
2003/28,Taufik HIDAYAT,Indonesia,47120,3
2003/27,Taufik HIDAYAT,Indonesia,47120,3
2003/26,Taufik HIDAYAT,Indonesia,47120,5
2003/25,Taufik HIDAYAT,Indonesia,47120,5
2003/24,Taufik HIDAYAT,Indonesia,47120,5
2003/23,Taufik HIDAYAT,Indonesia,47120,5
2003/22,Taufik HIDAYAT,Indonesia,47120,5
2003/21,Taufik HIDAYAT,Indonesia,47120,5
2003/20,Taufik HIDAYAT,Indonesia,47120,5
2003/19,Taufik HIDAYAT,Indonesia,47120,5
2003/18,Taufik HIDAYAT,Indonesia,47120,5
2003/17,Taufik HIDAYAT,Indonesia,47120,5
2003/16,Taufik HIDAYAT,Indonesia,47120,5
2003/15,Taufik HIDAYAT,Indonesia,47120,5
2003/14,Taufik HIDAYAT,Indonesia,43740,4
2003/13,Taufik HIDAYAT,Indonesia,44620,4
2003/12,Taufik HIDAYAT,Indonesia,44620,4
2003/11,Taufik HIDAYAT,Indonesia,44620,5
2003/10,Taufik HIDAYAT,Indonesia,44620,6
2003/09,Taufik HIDAYAT,Indonesia,44620,6
2003/08,Taufik HIDAYAT,Indonesia,44620,5
2003/07,Taufik HIDAYAT,Indonesia,43420,4
2003/06,Taufik HIDAYAT,Indonesia,43420,4
2003/05,Taufik HIDAYAT,Indonesia,43420,4
2003/04,Taufik HIDAYAT,Indonesia,43420,4
2003/03,Taufik HIDAYAT,Indonesia,43420,4
2003/02,Taufik HIDAYAT,Indonesia,43420,4
2003/01,Taufik HIDAYAT,Indonesia,43420,4
2002/52,Taufik HIDAYAT,Indonesia,43420,4
2002/51,Taufik HIDAYAT,Indonesia,43420,3
2002/50,Taufik HIDAYAT,Indonesia,43420,3
2002/49,Taufik HIDAYAT,Indonesia,43420,3
2002/48,Taufik HIDAYAT,Indonesia,43420,3
2002/47,Taufik HIDAYAT,Indonesia,43420,3
2002/46,Taufik HIDAYAT,Indonesia,35620,6
2002/45,Taufik HIDAYAT,Indonesia,35620,8
2002/44,Taufik HIDAYAT,Indonesia,35620,6
2002/43,Taufik HIDAYAT,Indonesia,35620,6
2002/42,Taufik HIDAYAT,Indonesia,26420,17
2002/41,Taufik HIDAYAT,Indonesia,26420,18
2002/40,Taufik HIDAYAT,Indonesia,26420,19
2002/39,Taufik HIDAYAT,Indonesia,26420,20
2002/38,Taufik HIDAYAT,Indonesia,26420,23
2002/37,Taufik HIDAYAT,Indonesia,26420,23
2002/36,Taufik HIDAYAT,Indonesia,26420,23
2002/35,Taufik HIDAYAT,Indonesia,14420,65
2002/34,Taufik HIDAYAT,Indonesia,15800,56
2002/33,Taufik HIDAYAT,Indonesia,25000,24
2002/32,Taufik HIDAYAT,Indonesia,25000,30
2002/31,Taufik HIDAYAT,Indonesia,25000,30
2002/30,Taufik HIDAYAT,Indonesia,29800,26
2002/29,Taufik HIDAYAT,Indonesia,22800,40
2002/28,Taufik HIDAYAT,Indonesia,22800,40
2002/27,Taufik HIDAYAT,Indonesia,22800,40
2002/26,Taufik HIDAYAT,Indonesia,22800,38
2002/25,Taufik HIDAYAT,Indonesia,22800,37
2002/24,Taufik HIDAYAT,Indonesia,22800,37
2002/23,Taufik HIDAYAT,Indonesia,32000,23
2002/22,Taufik HIDAYAT,Indonesia,32000,23
2002/21,Taufik HIDAYAT,Indonesia,32000,23
2002/20,Taufik HIDAYAT,Indonesia,32000,23
2002/19,Taufik HIDAYAT,Indonesia,32000,23
2002/18,Taufik HIDAYAT,Indonesia,32000,23
2002/17,Taufik HIDAYAT,Indonesia,35850,18
2002/16,Taufik HIDAYAT,Indonesia,35850,19
2002/15,Taufik HIDAYAT,Indonesia,35850,19
2002/14,Taufik HIDAYAT,Indonesia,31530,24
2002/13,Taufik HIDAYAT,Indonesia,30650,24
2002/12,Taufik HIDAYAT,Indonesia,30650,24
2002/11,Taufik HIDAYAT,Indonesia,35550,18
2002/10,Taufik HIDAYAT,Indonesia,40350,11
2002/09,Taufik HIDAYAT,Indonesia,40350,11
2002/08,Taufik HIDAYAT,Indonesia,40350,11
2002/07,Taufik HIDAYAT,Indonesia,40350,11
2002/06,Taufik HIDAYAT,Indonesia,40350,11
2002/05,Taufik HIDAYAT,Indonesia,40350,11
2002/04,Taufik HIDAYAT,Indonesia,40350,11
2002/03,Taufik HIDAYAT,Indonesia,40350,11
2002/02,Taufik HIDAYAT,Indonesia,40350,11
2002/01,Taufik HIDAYAT,Indonesia,40350,11
2001/52,Taufik HIDAYAT,Indonesia,40350,11
2001/51,Taufik HIDAYAT,Indonesia,40350,11
2001/50,Taufik HIDAYAT,Indonesia,40350,11
2001/49,Taufik HIDAYAT,Indonesia,40350,11
2001/48,Taufik HIDAYAT,Indonesia,40350,11
2001/47,Taufik HIDAYAT,Indonesia,40350,11
2001/46,Taufik HIDAYAT,Indonesia,40350,11
2001/45,Taufik HIDAYAT,Indonesia,40350,11
2001/44,Taufik HIDAYAT,Indonesia,49550,7
2001/43,Taufik HIDAYAT,Indonesia,49550,8
2001/42,Taufik HIDAYAT,Indonesia,49550,8
2001/41,Taufik HIDAYAT,Indonesia,49550,8
2001/40,Taufik HIDAYAT,Indonesia,49550,8
2001/39,Taufik HIDAYAT,Indonesia,49550,8
2001/38,Taufik HIDAYAT,Indonesia,53150,5
2001/37,Taufik HIDAYAT,Indonesia,53150,5
2001/36,Taufik HIDAYAT,Indonesia,53150,5
2001/35,Taufik HIDAYAT,Indonesia,53150,5
2001/34,Taufik HIDAYAT,Indonesia,53150,5
2001/33,Taufik HIDAYAT,Indonesia,54950,6
2001/32,Taufik HIDAYAT,Indonesia,54950,1
2001/31,Taufik HIDAYAT,Indonesia,54950,1
2001/30,Taufik HIDAYAT,Indonesia,50150,4
2001/29,Taufik HIDAYAT,Indonesia,62150,1
2001/28,Taufik HIDAYAT,Indonesia,62150,1
2001/27,Taufik HIDAYAT,Indonesia,62150,1
2001/26,Taufik HIDAYAT,Indonesia,62150,1
2001/25,Taufik HIDAYAT,Indonesia,62150,1
2001/24,Taufik HIDAYAT,Indonesia,62150,1
2001/23,Taufik HIDAYAT,Indonesia,52950,2
2001/22,Taufik HIDAYAT,Indonesia,52950,2
2001/21,Taufik HIDAYAT,Indonesia,52950,2
2001/20,Taufik HIDAYAT,Indonesia,52950,2
2001/19,Taufik HIDAYAT,Indonesia,52950,2
2001/18,Taufik HIDAYAT,Indonesia,52950,2
2001/17,Taufik HIDAYAT,Indonesia,49100,3
2001/16,Taufik HIDAYAT,Indonesia,49100,3
2001/15,Taufik HIDAYAT,Indonesia,49100,3
2001/14,Taufik HIDAYAT,Indonesia,49100,3
2001/13,Taufik HIDAYAT,Indonesia,49100,3
2001/12,Taufik HIDAYAT,Indonesia,49100,3
2001/11,Taufik HIDAYAT,Indonesia,44200,6
2001/10,Taufik HIDAYAT,Indonesia,49600,5
2001/09,Taufik HIDAYAT,Indonesia,49600,5
2001/08,Taufik HIDAYAT,Indonesia,49600,5
2001/07,Taufik HIDAYAT,Indonesia,49600,5
2001/06,Taufik HIDAYAT,Indonesia,49600,5
2001/05,Taufik HIDAYAT,Indonesia,49600,5
2001/04,Taufik HIDAYAT,Indonesia,53450,3
2001/03,Taufik HIDAYAT,Indonesia,53450,3
2001/02,Taufik HIDAYAT,Indonesia,53450,2
2001/01,Taufik HIDAYAT,Indonesia,53450,2
2000/52,Taufik HIDAYAT,Indonesia,53450,2
2000/51,Taufik HIDAYAT,Indonesia,53450,2
2000/50,Taufik HIDAYAT,Indonesia,53450,2
2000/49,Taufik HIDAYAT,Indonesia,60950,2
2000/48,Taufik HIDAYAT,Indonesia,60950,2
2000/47,Taufik HIDAYAT,Indonesia,60950,2
2000/46,Taufik HIDAYAT,Indonesia,60950,3
2000/45,Taufik HIDAYAT,Indonesia,60950,3
2000/44,Taufik HIDAYAT,Indonesia,51750,5
2000/43,Taufik HIDAYAT,Indonesia,51750,5
2000/42,Taufik HIDAYAT,Indonesia,57800,4
2000/41,Taufik HIDAYAT,Indonesia,57800,4
2000/40,Taufik HIDAYAT,Indonesia,57800,4
2000/39,Taufik HIDAYAT,Indonesia,57800,4
2000/38,Taufik HIDAYAT,Indonesia,50600,4
2000/37,Taufik HIDAYAT,Indonesia,50600,4
2000/36,Taufik HIDAYAT,Indonesia,63200,2
2000/35,Taufik HIDAYAT,Indonesia,70400,1
2000/34,Taufik HIDAYAT,Indonesia,70400,1
2000/33,Taufik HIDAYAT,Indonesia,60000,2
2000/32,Taufik HIDAYAT,Indonesia,60000,2
2000/31,Taufik HIDAYAT,Indonesia,60000,2
2000/30,Taufik HIDAYAT,Indonesia,60000,2
2000/29,Taufik HIDAYAT,Indonesia,48000,5
2000/28,Taufik HIDAYAT,Indonesia,48000,4
2000/27,Taufik HIDAYAT,Indonesia,48000,5
2000/26,Taufik HIDAYAT,Indonesia,48000,5
2000/25,Taufik HIDAYAT,Indonesia,48000,5
2000/24,Taufik HIDAYAT,Indonesia,48000,5
2000/23,Taufik HIDAYAT,Indonesia,48000,5
2000/22,Taufik HIDAYAT,Indonesia,48000,5
2000/21,Taufik HIDAYAT,Indonesia,53200,5
2000/20,Taufik HIDAYAT,Indonesia,53200,5
2000/19,Taufik HIDAYAT,Indonesia,53200,5
2000/18,Taufik HIDAYAT,Indonesia,53200,5
2000/17,Taufik HIDAYAT,Indonesia,53200,5
2000/16,Taufik HIDAYAT,Indonesia,53200,5
2000/15,Taufik HIDAYAT,Indonesia,53200,8
2000/14,Taufik HIDAYAT,Indonesia,53200,5
2000/13,Taufik HIDAYAT,Indonesia,53200,5
2000/12,Taufik HIDAYAT,Indonesia,53200,5
2000/11,Taufik HIDAYAT,Indonesia,62800,2
2000/10,Taufik HIDAYAT,Indonesia,57640,2
2000/09,Taufik HIDAYAT,Indonesia,57640,2
2000/08,Taufik HIDAYAT,Indonesia,57640,4
2000/07,Taufik HIDAYAT,Indonesia,57640,4
2000/06,Taufik HIDAYAT,Indonesia,57640,4
2000/05,Taufik HIDAYAT,Indonesia,57640,4
2000/04,Taufik HIDAYAT,Indonesia,57640,4
2000/03,Taufik HIDAYAT,Indonesia,55460,5
2000/02,Taufik HIDAYAT,Indonesia,55460,5
2000/01,Taufik HIDAYAT,Indonesia,55460,5
1999/52,Taufik HIDAYAT,Indonesia,55460,5
1999/51,Taufik HIDAYAT,Indonesia,55460,5
1999/50,Taufik HIDAYAT,Indonesia,55460,5
1999/49,Taufik HIDAYAT,Indonesia,55460,5
1999/48,Taufik HIDAYAT,Indonesia,48560,6
1999/47,Taufik HIDAYAT,Indonesia,48560,8
1999/46,Taufik HIDAYAT,Indonesia,48560,7
1999/45,Taufik HIDAYAT,Indonesia,48560,7
1999/44,Taufik HIDAYAT,Indonesia,48560,7
1999/43,Taufik HIDAYAT,Indonesia,56360,5
1999/42,Taufik HIDAYAT,Indonesia,56360,5
1999/41,Taufik HIDAYAT,Indonesia,54630,5
1999/40,Taufik HIDAYAT,Indonesia,54630,5
1999/39,Taufik HIDAYAT,Indonesia,54630,5
1999/38,Taufik HIDAYAT,Indonesia,54630,5
1999/37,Taufik HIDAYAT,Indonesia,54630,4
1999/36,Taufik HIDAYAT,Indonesia,54630,4
1999/35,Taufik HIDAYAT,Indonesia,49050,7
1999/34,Taufik HIDAYAT,Indonesia,41250,10
1999/33,Taufik HIDAYAT,Indonesia,41250,10
1999/32,Taufik HIDAYAT,Indonesia,42130,10
1999/31,Taufik HIDAYAT,Indonesia,42130,10
1999/30,Taufik HIDAYAT,Indonesia,42130,10
1999/29,Taufik HIDAYAT,Indonesia,42130,10
1999/28,Taufik HIDAYAT,Indonesia,42130,10
1999/27,Taufik HIDAYAT,Indonesia,42950,8
1999/26,Taufik HIDAYAT,Indonesia,43940,6
1999/25,Taufik HIDAYAT,Indonesia,43940,6
1999/24,Taufik HIDAYAT,Indonesia,43940,6
1999/23,Taufik HIDAYAT,Indonesia,43940,6
1999/22,Taufik HIDAYAT,Indonesia,43940,6
1999/21,Taufik HIDAYAT,Indonesia,43940,6
1999/20,Taufik HIDAYAT,Indonesia,40410,5
1999/19,Taufik HIDAYAT,Indonesia,40410,5
1999/18,Taufik HIDAYAT,Indonesia,40410,5
1999/17,Taufik HIDAYAT,Indonesia,40410,5
1999/16,Taufik HIDAYAT,Indonesia,40410,5
1999/15,Taufik HIDAYAT,Indonesia,40410,5
1999/14,Taufik HIDAYAT,Indonesia,40410,5
1999/13,Taufik HIDAYAT,Indonesia,40410,5
1999/12,Taufik HIDAYAT,Indonesia,40410,5
1999/11,Taufik HIDAYAT,Indonesia,40410,5
1999/10,Taufik HIDAYAT,Indonesia,31090,16
1999/09,Taufik HIDAYAT,Indonesia,26050,20
1999/08,Taufik HIDAYAT,Indonesia,26050,18
1999/07,Taufik HIDAYAT,Indonesia,26050,18
1999/06,Taufik HIDAYAT,Indonesia,26050,18
1999/05,Taufik HIDAYAT,Indonesia,26050,18
1999/04,Taufik HIDAYAT,Indonesia,26050,18
1999/03,Taufik HIDAYAT,Indonesia,24380,18
1999/02,Taufik HIDAYAT,Indonesia,24380,20
1999/01,Taufik HIDAYAT,Indonesia,24380,20
1998/53,Taufik HIDAYAT,Indonesia,24380,20
1998/52,Taufik HIDAYAT,Indonesia,24380,20
1998/51,Taufik HIDAYAT,Indonesia,24380,20
1998/50,Taufik HIDAYAT,Indonesia,24380,25
1998/49,Taufik HIDAYAT,Indonesia,24380,24
1998/48,Taufik HIDAYAT,Indonesia,24380,22
1998/47,Taufik HIDAYAT,Indonesia,24380,23
1998/46,Taufik HIDAYAT,Indonesia,24380,24
1998/45,Taufik HIDAYAT,Indonesia,24380,26
1998/44,Taufik HIDAYAT,Indonesia,15980,52
1998/43,Taufik HIDAYAT,Indonesia,15980,52
1998/42,Taufik HIDAYAT,Indonesia,11660,76
1998/41,Taufik HIDAYAT,Indonesia,11660,76
1998/40,Taufik HIDAYAT,Indonesia,11660,79
1998/39,Taufik HIDAYAT,Indonesia,11660,79
1998/38,Taufik HIDAYAT,Indonesia,11660,79
1998/37,Taufik HIDAYAT,Indonesia,11660,83
1998/36,Taufik HIDAYAT,Indonesia,10280,100
1998/35,Taufik HIDAYAT,Indonesia,10280,99
1998/34,Taufik HIDAYAT,Indonesia,10280,99
1998/33,Taufik HIDAYAT,Indonesia,9400,106
1998/32,Taufik HIDAYAT,Indonesia,9400,106
1998/31,Taufik HIDAYAT,Indonesia,9400,107
1998/30,Taufik HIDAYAT,Indonesia,9400,111
1998/29,Taufik HIDAYAT,Indonesia,14200,72
1998/28,Taufik HIDAYAT,Indonesia,13560,79
1998/27,Taufik HIDAYAT,Indonesia,10900,94
1998/26,Taufik HIDAYAT,Indonesia,10900,94
1998/25,Taufik HIDAYAT,Indonesia,10900,93
1998/24,Taufik HIDAYAT,Indonesia,10900,92
1998/23,Taufik HIDAYAT,Indonesia,10900,92
1998/22,Taufik HIDAYAT,Indonesia,10900,94
1998/21,Taufik HIDAYAT,Indonesia,10900,94
1998/20,Taufik HIDAYAT,Indonesia,10900,94
1998/19,Taufik HIDAYAT,Indonesia,10900,95
1998/18,Taufik HIDAYAT,Indonesia,10900,93
1998/17,Taufik HIDAYAT,Indonesia,10900,93
1998/16,Taufik HIDAYAT,Indonesia,10900,93
1998/15,Taufik HIDAYAT,Indonesia,10900,93
1998/14,Taufik HIDAYAT,Indonesia,10900,91
1998/13,Taufik HIDAYAT,Indonesia,10900,91
1998/12,Taufik HIDAYAT,Indonesia,10900,92
1998/11,Taufik HIDAYAT,Indonesia,10900,94
1998/10,Taufik HIDAYAT,Indonesia,10900,93
1998/09,Taufik HIDAYAT,Indonesia,10900,93
1998/08,Taufik HIDAYAT,Indonesia,10900,93
1998/07,Taufik HIDAYAT,Indonesia,10900,96
1998/06,Taufik HIDAYAT,Indonesia,10900,95
1998/05,Taufik HIDAYAT,Indonesia,10900,95
1998/04,Taufik HIDAYAT,Indonesia,10900,95
1998/03,Taufik HIDAYAT,Indonesia,10900,94
1998/02,Taufik HIDAYAT,Indonesia,10900,97
1998/01,Taufik HIDAYAT,Indonesia,10900,97
1997/52,Taufik HIDAYAT,Indonesia,10900,97
1997/51,Taufik HIDAYAT,Indonesia,10900,97
1997/50,Taufik HIDAYAT,Indonesia,10900,93
1997/49,Taufik HIDAYAT,Indonesia,10900,89
1997/48,Taufik HIDAYAT,Indonesia,10900,90
1997/47,Taufik HIDAYAT,Indonesia,10900,90
1997/46,Taufik HIDAYAT,Indonesia,10900,97
1997/45,Taufik HIDAYAT,Indonesia,10900,96
1997/44,Taufik HIDAYAT,Indonesia,10900,99
1997/43,Taufik HIDAYAT,Indonesia,10900,99
1997/42,Taufik HIDAYAT,Indonesia,10900,101
1997/41,Taufik HIDAYAT,Indonesia,10900,99
1997/40,Taufik HIDAYAT,Indonesia,10900,99
1997/39,Taufik HIDAYAT,Indonesia,10900,100
1997/38,Taufik HIDAYAT,Indonesia,10900,98
1997/37,Taufik HIDAYAT,Indonesia,10900,96
1997/36,Taufik HIDAYAT,Indonesia,5860,163
1997/35,Taufik HIDAYAT,Indonesia,5860,162
1997/34,Taufik HIDAYAT,Indonesia,5860,165
1997/33,Taufik HIDAYAT,Indonesia,5860,165
1997/32,Taufik HIDAYAT,Indonesia,5860,164
1997/31,Taufik HIDAYAT,Indonesia,5860,163
1997/30,Taufik HIDAYAT,Indonesia,5860,155
1997/29,Taufik HIDAYAT,Indonesia,1060,540
