18,32.8,54.4,30.6,64.6,9.0,5.6,0.8,0.9,3.2,2.6,21.0,alperen-sengun,Rockets,https://a.espncdn.com/combiner/i?img=/i/teamlogos/nba/500/hou.png&w=250&h=250,https://a.espncdn.com/combiner/i?img=/i/headshots/nba/players/full/4871144.png&w=350&h=254
18,31.6,42.4,34.9,79.1,4.7,3.2,0.4,0.6,1.6,2.5,18.8,jalen-green,Rockets,https://a.espncdn.com/combiner/i?img=/i/teamlogos/nba/500/hou.png&w=250&h=250,https://a.espncdn.com/combiner/i?img=/i/headshots/nba/players/full/4437244.png&w=350&h=254
17,37.8,38.6,38.0,90.2,4.1,9.1,0.5,0.8,1.7,1.6,16.2,fred-vanvleet,Rockets,https://a.espncdn.com/combiner/i?img=/i/teamlogos/nba/500/hou.png&w=250&h=250,https://a.espncdn.com/combiner/i?img=/i/headshots/nba/players/full/2991230.png&w=350&h=254
18,31.2,48.4,42.7,83.7,3.4,1.8,0.1,0.9,3.9,1.8,13.8,dillon-brooks,Rockets,https://a.espncdn.com/combiner/i?img=/i/teamlogos/nba/500/hou.png&w=250&h=250,https://a.espncdn.com/combiner/i?img=/i/headshots/nba/players/full/3155526.png&w=350&h=254
18,30.3,50.5,36.6,75.0,8.4,1.4,0.8,0.6,3.2,1.4,12.9,jabari-smith-jr,Rockets,https://a.espncdn.com/combiner/i?img=/i/teamlogos/nba/500/hou.png&w=250&h=250,https://a.espncdn.com/combiner/i?img=/i/headshots/nba/players/full/4432639.png&w=350&h=254
16,18.7,50.0,43.5,85.7,2.1,2.2,0.1,0.6,1.9,0.4,7.4,aaron-holiday,Rockets,https://a.espncdn.com/combiner/i?img=/i/teamlogos/nba/500/hou.png&w=250&h=250,https://a.espncdn.com/combiner/i?img=/i/headshots/nba/players/full/3922230.png&w=350&h=254
11,18.3,45.5,40.0,61.5,5.9,1.2,1.3,0.5,2.0,0.7,6.9,tari-eason,Rockets,https://a.espncdn.com/combiner/i?img=/i/teamlogos/nba/500/hou.png&w=250&h=250,https://a.espncdn.com/combiner/i?img=/i/headshots/nba/players/full/4433192.png&w=350&h=254
4,16.8,40.9,18.2,62.5,2.8,1.5,0.3,0.5,2.3,1.5,6.3,amen-thompson,Rockets,https://a.espncdn.com/combiner/i?img=/i/teamlogos/nba/500/hou.png&w=250&h=250,https://a.espncdn.com/combiner/i?img=/i/headshots/nba/players/full/4684740.png&w=350&h=254
17,14.5,54.0,33.3,76.5,2.2,0.6,0.4,0.2,1.1,0.6,5.9,jeff-green,Rockets,https://a.espncdn.com/combiner/i?img=/i/teamlogos/nba/500/hou.png&w=250&h=250,https://a.espncdn.com/combiner/i?img=/i/headshots/nba/players/full/3209.png&w=350&h=254
17,18.3,49.3,34.4,80.0,3.6,1.2,0.3,1.0,2.6,0.4,5.5,jaesean-tate,Rockets,https://a.espncdn.com/combiner/i?img=/i/teamlogos/nba/500/hou.png&w=250&h=250,https://a.espncdn.com/combiner/i?img=/i/headshots/nba/players/full/3136777.png&w=350&h=254
19,30.2,43.2,26.5,81.7,9.7,2.5,2.6,1.3,2.5,3.4,18.9,victor-wembanyama,Spurs,https://a.espncdn.com/combiner/i?img=/i/teamlogos/nba/500/sa.png&w=250&h=250,https://a.espncdn.com/combiner/i?img=/i/headshots/nba/players/full/5104157.png&w=350&h=254
15,28.3,50.0,41.6,79.1,3.2,2.7,0.1,1.0,1.1,1.4,18.5,devin-vassell,Spurs,https://a.espncdn.com/combiner/i?img=/i/teamlogos/nba/500/sa.png&w=250&h=250,https://a.espncdn.com/combiner/i?img=/i/headshots/nba/players/full/4395630.png&w=350&h=254
19,32.7,47.6,36.0,72.9,6.7,4.1,0.3,0.8,2.6,1.4,16.8,keldon-johnson,Spurs,https://a.espncdn.com/combiner/i?img=/i/teamlogos/nba/500/sa.png&w=250&h=250,https://a.espncdn.com/combiner/i?img=/i/headshots/nba/players/full/4395723.png&w=350&h=254
20,29.2,47.5,25.3,80.7,6.1,3.9,0.7,0.7,3.5,2.8,13.8,zach-collins,Spurs,https://a.espncdn.com/combiner/i?img=/i/teamlogos/nba/500/sa.png&w=250&h=250,https://a.espncdn.com/combiner/i?img=/i/headshots/nba/players/full/4066650.png&w=350&h=254
20,28.7,44.0,40.9,79.1,5.2,4.2,0.3,0.7,2.9,2.4,11.4,jeremy-sochan,Spurs,https://a.espncdn.com/combiner/i?img=/i/teamlogos/nba/500/sa.png&w=250&h=250,https://a.espncdn.com/combiner/i?img=/i/headshots/nba/players/full/4610139.png&w=350&h=254
20,20.1,45.5,38.2,68.8,2.3,1.7,0.2,0.5,1.8,0.7,8.1,cedi-osman,Spurs,https://a.espncdn.com/combiner/i?img=/i/teamlogos/nba/500/sa.png&w=250&h=250,https://a.espncdn.com/combiner/i?img=/i/headshots/nba/players/full/3893016.png&w=350&h=254
20,20.2,41.4,28.6,88.9,1.4,2.1,0.1,0.4,1.4,1.1,7.8,malaki-branham,Spurs,https://a.espncdn.com/combiner/i?img=/i/teamlogos/nba/500/sa.png&w=250&h=250,https://a.espncdn.com/combiner/i?img=/i/headshots/nba/players/full/4565201.png&w=350&h=254
17,23.9,41.3,26.3,87.0,2.9,5.1,0.2,0.8,1.3,1.4,7.6,tre-jones,Spurs,https://a.espncdn.com/combiner/i?img=/i/teamlogos/nba/500/sa.png&w=250&h=250,https://a.espncdn.com/combiner/i?img=/i/headshots/nba/players/full/4395626.png&w=350&h=254
18,16.9,47.1,46.3,75.0,1.2,1.8,0.1,0.3,1.3,0.7,6.6,doug-mcdermott,Spurs,https://a.espncdn.com/combiner/i?img=/i/teamlogos/nba/500/sa.png&w=250&h=250,https://a.espncdn.com/combiner/i?img=/i/headshots/nba/players/full/2528588.png&w=350&h=254
13,15.2,36.5,37.7,72.7,1.9,1.0,0.7,0.5,0.8,1.0,6.3,julian-champagnie,Spurs,https://a.espncdn.com/combiner/i?img=/i/teamlogos/nba/500/sa.png&w=250&h=250,https://a.espncdn.com/combiner/i?img=/i/headshots/nba/players/full/4592479.png&w=350&h=254
19,35.6,49.4,39.5,76.0,8.5,8.6,0.5,1.3,1.8,3.8,31.8,luka-doncic,Mavericks,https://a.espncdn.com/combiner/i?img=/i/teamlogos/nba/500/dal.png&w=250&h=250,https://a.espncdn.com/combiner/i?img=/i/headshots/nba/players/full/3945274.png&w=350&h=254
16,32.9,46.7,38.4,89.8,4.1,5.4,0.3,1.2,1.9,1.4,23.8,kyrie-irving,Mavericks,https://a.espncdn.com/combiner/i?img=/i/teamlogos/nba/500/dal.png&w=250&h=250,https://a.espncdn.com/combiner/i?img=/i/headshots/nba/players/full/6442.png&w=350&h=254
18,27.2,41.6,38.0,87.8,3.4,1.6,0.0,0.2,0.9,0.8,16.8,tim-hardaway-jr,Mavericks,https://a.espncdn.com/combiner/i?img=/i/teamlogos/nba/500/dal.png&w=250&h=250,https://a.espncdn.com/combiner/i?img=/i/headshots/nba/players/full/2528210.png&w=350&h=254
20,23.5,49.7,41.7,73.3,3.7,1.0,0.8,0.6,1.7,1.0,10.0,derrick-jones-jr,Mavericks,https://a.espncdn.com/combiner/i?img=/i/teamlogos/nba/500/dal.png&w=250&h=250,https://a.espncdn.com/combiner/i?img=/i/headshots/nba/players/full/3936099.png&w=350&h=254
19,28.8,42.2,40.6,64.5,3.7,1.7,0.6,0.3,2.6,0.9,9.8,grant-williams,Mavericks,https://a.espncdn.com/combiner/i?img=/i/teamlogos/nba/500/dal.png&w=250&h=250,https://a.espncdn.com/combiner/i?img=/i/headshots/nba/players/full/4066218.png&w=350&h=254
18,25.1,72.9,0.0,59.3,7.6,1.2,1.6,0.6,3.1,1.1,8.7,dereck-lively-ii,Mavericks,https://a.espncdn.com/combiner/i?img=/i/teamlogos/nba/500/dal.png&w=250&h=250,https://a.espncdn.com/combiner/i?img=/i/headshots/nba/players/full/4683688.png&w=350&h=254
18,25.2,42.2,36.5,52.9,2.9,2.4,0.2,0.9,1.7,0.9,6.9,josh-green,Mavericks,https://a.espncdn.com/combiner/i?img=/i/teamlogos/nba/500/dal.png&w=250&h=250,https://a.espncdn.com/combiner/i?img=/i/headshots/nba/players/full/4432811.png&w=350&h=254
17,11.2,38.8,28.9,66.7,1.8,1.4,0.0,0.3,1.1,0.8,6.3,jaden-hardy,Mavericks,https://a.espncdn.com/combiner/i?img=/i/teamlogos/nba/500/dal.png&w=250&h=250,https://a.espncdn.com/combiner/i?img=/i/headshots/nba/players/full/4868423.png&w=350&h=254
3,10.0,46.2,37.5,50.0,0.7,0.7,0.3,0.0,0.3,0.0,5.7,aj-lawson,Mavericks,https://a.espncdn.com/combiner/i?img=/i/teamlogos/nba/500/dal.png&w=250&h=250,https://a.espncdn.com/combiner/i?img=/i/headshots/nba/players/full/4067017.png&w=350&h=254
17,11.5,47.2,22.7,60.0,2.5,1.8,0.1,0.4,1.0,0.3,4.8,dante-exum,Mavericks,https://a.espncdn.com/combiner/i?img=/i/teamlogos/nba/500/dal.png&w=250&h=250,https://a.espncdn.com/combiner/i?img=/i/headshots/nba/players/full/3102528.png&w=350&h=254
20,34.1,46.6,37.5,86.3,4.5,5.4,0.8,1.4,3.1,2.8,25.1,desmond-bane,Grizzlies,https://a.espncdn.com/combiner/i?img=/i/teamlogos/nba/500/mem.png&w=250&h=250,https://a.espncdn.com/combiner/i?img=/i/headshots/nba/players/full/4066320.png&w=350&h=254
20,31.0,42.9,28.6,82.4,6.1,1.8,1.9,0.6,3.5,1.9,19.8,jaren-jackson-jr,Grizzlies,https://a.espncdn.com/combiner/i?img=/i/teamlogos/nba/500/mem.png&w=250&h=250,https://a.espncdn.com/combiner/i?img=/i/headshots/nba/players/full/4277961.png&w=350&h=254
14,27.1,44.6,31.2,60.9,6.1,2.0,0.7,0.8,1.7,1.2,13.4,santi-aldama,Grizzlies,https://a.espncdn.com/combiner/i?img=/i/teamlogos/nba/500/mem.png&w=250&h=250,https://a.espncdn.com/combiner/i?img=/i/headshots/nba/players/full/4593125.png&w=350&h=254
11,29.9,42.9,29.5,81.0,2.5,5.0,0.4,2.0,3.2,3.4,12.5,marcus-smart,Grizzlies,https://a.espncdn.com/combiner/i?img=/i/teamlogos/nba/500/mem.png&w=250&h=250,https://a.espncdn.com/combiner/i?img=/i/headshots/nba/players/full/2990992.png&w=350&h=254
11,18.6,45.6,36.4,84.6,1.9,3.0,0.1,0.6,1.1,1.5,9.2,derrick-rose,Grizzlies,https://a.espncdn.com/combiner/i?img=/i/teamlogos/nba/500/mem.png&w=250&h=250,https://a.espncdn.com/combiner/i?img=/i/headshots/nba/players/full/3456.png&w=350&h=254
8,21.5,36.2,37.0,100.0,2.9,2.0,0.1,0.6,0.5,0.6,8.3,luke-kennard,Grizzlies,https://a.espncdn.com/combiner/i?img=/i/teamlogos/nba/500/mem.png&w=250&h=250,https://a.espncdn.com/combiner/i?img=/i/headshots/nba/players/full/3913174.png&w=350&h=254
18,21.1,39.1,35.4,87.5,4.3,1.3,0.3,0.5,1.9,1.3,8.2,ziaire-williams,Grizzlies,https://a.espncdn.com/combiner/i?img=/i/teamlogos/nba/500/mem.png&w=250&h=250,https://a.espncdn.com/combiner/i?img=/i/headshots/nba/players/full/4433137.png&w=350&h=254
20,23.7,43.0,31.3,68.4,4.3,1.1,0.4,0.7,1.6,1.0,8.2,david-roddy,Grizzlies,https://a.espncdn.com/combiner/i?img=/i/teamlogos/nba/500/mem.png&w=250&h=250,https://a.espncdn.com/combiner/i?img=/i/headshots/nba/players/full/4593041.png&w=350&h=254
10,22.1,39.7,28.0,44.4,5.0,2.0,0.9,1.3,2.0,1.1,7.3,xavier-tillman,Grizzlies,https://a.espncdn.com/combiner/i?img=/i/teamlogos/nba/500/mem.png&w=250&h=250,https://a.espncdn.com/combiner/i?img=/i/headshots/nba/players/full/4277964.png&w=350&h=254
6,20.0,43.2,12.5,100.0,2.3,1.8,0.0,0.5,1.3,0.3,7.2,jaylen-nowell,Grizzlies,https://a.espncdn.com/combiner/i?img=/i/teamlogos/nba/500/mem.png&w=250&h=250,https://a.espncdn.com/combiner/i?img=/i/headshots/nba/players/full/4278541.png&w=350&h=254
20,34.2,49.2,29.4,77.3,5.2,5.4,0.2,0.8,2.1,2.6,23.0,brandon-ingram,Pelicans,https://a.espncdn.com/combiner/i?img=/i/teamlogos/nba/500/no.png&w=250&h=250,https://a.espncdn.com/combiner/i?img=/i/headshots/nba/players/full/3913176.png&w=350&h=254
19,30.9,57.4,33.3,64.2,5.6,4.8,0.3,1.1,2.6,2.7,22.2,zion-williamson,Pelicans,https://a.espncdn.com/combiner/i?img=/i/teamlogos/nba/500/no.png&w=250&h=250,https://a.espncdn.com/combiner/i?img=/i/headshots/nba/players/full/4395628.png&w=350&h=254
10,33.3,43.2,36.0,77.8,4.2,5.6,0.9,1.7,2.2,1.4,19.5,cj-mccollum,Pelicans,https://a.espncdn.com/combiner/i?img=/i/teamlogos/nba/500/no.png&w=250&h=250,https://a.espncdn.com/combiner/i?img=/i/headshots/nba/players/full/2490149.png&w=350&h=254
3,24.7,46.2,36.0,75.0,2.7,1.0,0.7,0.3,0.7,0.0,16.0,trey-murphy-iii,Pelicans,https://a.espncdn.com/combiner/i?img=/i/teamlogos/nba/500/no.png&w=250&h=250,https://a.espncdn.com/combiner/i?img=/i/headshots/nba/players/full/4397688.png&w=350&h=254
23,26.7,55.8,36.4,82.1,8.8,2.3,1.3,0.4,3.2,1.2,14.0,jonas-valanciunas,Pelicans,https://a.espncdn.com/combiner/i?img=/i/teamlogos/nba/500/no.png&w=250&h=250,https://a.espncdn.com/combiner/i?img=/i/headshots/nba/players/full/6477.png&w=350&h=254
22,27.1,38.9,36.6,87.0,3.7,1.7,0.0,0.5,2.0,1.0,12.5,jordan-hawkins,Pelicans,https://a.espncdn.com/combiner/i?img=/i/teamlogos/nba/500/no.png&w=250&h=250,https://a.espncdn.com/combiner/i?img=/i/headshots/nba/players/full/4683750.png&w=350&h=254
20,31.1,51.2,34.3,88.5,4.4,2.8,1.3,1.8,3.5,1.6,12.3,herbert-jones,Pelicans,https://a.espncdn.com/combiner/i?img=/i/teamlogos/nba/500/no.png&w=250&h=250,https://a.espncdn.com/combiner/i?img=/i/headshots/nba/players/full/4277813.png&w=350&h=254
13,22.9,45.8,47.1,92.9,2.3,1.1,0.1,0.4,1.8,1.2,9.3,matt-ryan,Pelicans,https://a.espncdn.com/combiner/i?img=/i/teamlogos/nba/500/no.png&w=250&h=250,https://a.espncdn.com/combiner/i?img=/i/headshots/nba/players/full/3908336.png&w=350&h=254
14,20.6,45.8,42.1,84.8,4.6,2.1,0.3,0.8,1.4,1.3,8.6,naji-marshall,Pelicans,https://a.espncdn.com/combiner/i?img=/i/teamlogos/nba/500/no.png&w=250&h=250,https://a.espncdn.com/combiner/i?img=/i/headshots/nba/players/full/4278594.png&w=350&h=254
9,16.8,43.1,43.3,37.5,2.1,2.2,0.3,1.2,1.2,1.0,7.3,jose-alvarado,Pelicans,https://a.espncdn.com/combiner/i?img=/i/teamlogos/nba/500/no.png&w=250&h=250,https://a.espncdn.com/combiner/i?img=/i/headshots/nba/players/full/4277869.png&w=350&h=254
19,33.5,47.5,42.9,93.0,5.0,4.5,0.2,0.7,1.8,3.6,29.2,stephen-curry,Warriors,https://a.espncdn.com/combiner/i?img=/i/teamlogos/nba/500/gs.png&w=250&h=250,https://a.espncdn.com/combiner/i?img=/i/headshots/nba/players/full/3975.png&w=350&h=254
20,29.7,39.7,34.8,88.0,3.9,2.2,0.6,0.4,2.2,1.9,15.5,klay-thompson,Warriors,https://a.espncdn.com/combiner/i?img=/i/teamlogos/nba/500/gs.png&w=250&h=250,https://a.espncdn.com/combiner/i?img=/i/headshots/nba/players/full/6475.png&w=350&h=254
19,27.2,42.3,26.2,61.4,4.3,1.2,0.4,0.3,2.5,1.7,12.6,andrew-wiggins,Warriors,https://a.espncdn.com/combiner/i?img=/i/teamlogos/nba/500/gs.png&w=250&h=250,https://a.espncdn.com/combiner/i?img=/i/headshots/nba/players/full/3059319.png&w=350&h=254
20,19.7,46.8,25.0,68.1,2.9,1.0,0.4,0.6,2.3,1.3,11.1,jonathan-kuminga,Warriors,https://a.espncdn.com/combiner/i?img=/i/teamlogos/nba/500/gs.png&w=250&h=250,https://a.espncdn.com/combiner/i?img=/i/headshots/nba/players/full/4433247.png&w=350&h=254
21,21.6,45.9,38.6,83.3,5.9,2.3,0.3,0.7,2.4,1.2,10.7,dario-saric,Warriors,https://a.espncdn.com/combiner/i?img=/i/teamlogos/nba/500/gs.png&w=250&h=250,https://a.espncdn.com/combiner/i?img=/i/headshots/nba/players/full/3032978.png&w=350&h=254
13,25.0,47.9,44.7,85.7,5.8,5.5,0.8,0.5,2.8,2.2,10.1,draymond-green,Warriors,https://a.espncdn.com/combiner/i?img=/i/teamlogos/nba/500/gs.png&w=250&h=250,https://a.espncdn.com/combiner/i?img=/i/headshots/nba/players/full/6589.png&w=350&h=254
21,19.2,49.3,36.8,75.0,3.4,1.1,0.3,0.8,1.4,0.6,8.8,moses-moody,Warriors,https://a.espncdn.com/combiner/i?img=/i/teamlogos/nba/500/gs.png&w=250&h=250,https://a.espncdn.com/combiner/i?img=/i/headshots/nba/players/full/4432171.png&w=350&h=254
19,26.5,39.5,31.8,92.9,3.6,7.2,0.1,1.4,1.6,1.2,8.6,chris-paul,Warriors,https://a.espncdn.com/combiner/i?img=/i/teamlogos/nba/500/gs.png&w=250&h=250,https://a.espncdn.com/combiner/i?img=/i/headshots/nba/players/full/2779.png&w=350&h=254
15,18.9,45.3,45.7,64.7,4.3,2.1,0.1,0.5,1.7,1.0,7.0,brandin-podziemski,Warriors,https://a.espncdn.com/combiner/i?img=/i/teamlogos/nba/500/gs.png&w=250&h=250,https://a.espncdn.com/combiner/i?img=/i/headshots/nba/players/full/4709138.png&w=350&h=254
14,17.3,47.9,32.1,66.7,3.1,0.9,0.3,1.2,1.9,0.6,5.9,gary-payton-ii,Warriors,https://a.espncdn.com/combiner/i?img=/i/teamlogos/nba/500/gs.png&w=250&h=250,https://a.espncdn.com/combiner/i?img=/i/headshots/nba/players/full/3134903.png&w=350&h=254
20,35.7,44.1,39.1,93.3,6.0,4.1,0.2,1.6,2.9,2.4,23.6,paul-george,Clippers,https://a.espncdn.com/combiner/i?img=/i/teamlogos/nba/500/lac.png&w=250&h=250,https://a.espncdn.com/combiner/i?img=/i/headshots/nba/players/full/4251.png&w=350&h=254
20,34.6,47.9,39.3,82.9,5.9,3.5,0.7,1.6,1.6,1.6,21.6,kawhi-leonard,Clippers,https://a.espncdn.com/combiner/i?img=/i/teamlogos/nba/500/lac.png&w=250&h=250,https://a.espncdn.com/combiner/i?img=/i/headshots/nba/players/full/6450.png&w=350&h=254
15,33.6,47.1,40.9,85.3,4.2,6.7,0.5,1.7,1.9,2.3,16.0,james-harden,Clippers,https://a.espncdn.com/combiner/i?img=/i/teamlogos/nba/500/lac.png&w=250&h=250,https://a.espncdn.com/combiner/i?img=/i/headshots/nba/players/full/3992.png&w=350&h=254
20,24.2,47.6,45.6,83.6,2.1,1.1,0.5,0.7,2.0,1.1,12.2,norman-powell,Clippers,https://a.espncdn.com/combiner/i?img=/i/teamlogos/nba/500/lac.png&w=250&h=250,https://a.espncdn.com/combiner/i?img=/i/headshots/nba/players/full/2595516.png&w=350&h=254
20,26.2,43.7,26.4,62.5,6.7,5.1,0.4,1.3,2.4,2.3,11.9,russell-westbrook,Clippers,https://a.espncdn.com/combiner/i?img=/i/teamlogos/nba/500/lac.png&w=250&h=250,https://a.espncdn.com/combiner/i?img=/i/headshots/nba/players/full/3468.png&w=350&h=254
20,25.9,62.4,0.0,59.4,9.0,0.8,1.5,0.2,2.7,1.3,11.7,ivica-zubac,Clippers,https://a.espncdn.com/combiner/i?img=/i/teamlogos/nba/500/lac.png&w=250&h=250,https://a.espncdn.com/combiner/i?img=/i/headshots/nba/players/full/4017837.png&w=350&h=254
12,16.8,42.0,35.4,90.0,1.2,2.0,0.0,0.6,1.8,1.6,8.3,bones-hyland,Clippers,https://a.espncdn.com/combiner/i?img=/i/teamlogos/nba/500/lac.png&w=250&h=250,https://a.espncdn.com/combiner/i?img=/i/headshots/nba/players/full/4592492.png&w=350&h=254
11,16.7,45.9,38.5,50.0,4.5,1.1,1.0,0.3,2.5,0.6,7.1,daniel-theis,Clippers,https://a.espncdn.com/combiner/i?img=/i/teamlogos/nba/500/lac.png&w=250&h=250,https://a.espncdn.com/combiner/i?img=/i/headshots/nba/players/full/2451037.png&w=350&h=254
14,26.1,43.4,17.1,61.5,3.7,2.0,0.4,0.8,1.9,0.6,6.1,terance-mann,Clippers,https://a.espncdn.com/combiner/i?img=/i/teamlogos/nba/500/lac.png&w=250&h=250,https://a.espncdn.com/combiner/i?img=/i/headshots/nba/players/full/3907823.png&w=350&h=254
6,17.0,63.2,0.0,42.9,5.5,1.0,0.2,0.7,1.0,0.8,5.0,mason-plumlee,Clippers,https://a.espncdn.com/combiner/i?img=/i/teamlogos/nba/500/lac.png&w=250&h=250,https://a.espncdn.com/combiner/i?img=/i/headshots/nba/players/full/2488653.png&w=350&h=254
14,36.6,47.9,35.7,72.8,4.7,6.4,0.4,1.6,2.9,2.3,30.3,deaaron-fox,Kings,https://a.espncdn.com/combiner/i?img=/i/teamlogos/nba/500/sac.png&w=250&h=250,https://a.espncdn.com/combiner/i?img=/i/headshots/nba/players/full/4066259.png&w=350&h=254
19,35.1,57.6,40.0,68.1,11.9,7.1,0.8,0.9,3.5,2.9,19.0,domantas-sabonis,Kings,https://a.espncdn.com/combiner/i?img=/i/teamlogos/nba/500/sac.png&w=250&h=250,https://a.espncdn.com/combiner/i?img=/i/headshots/nba/players/full/3155942.png&w=350&h=254
19,24.9,42.6,42.4,89.8,2.9,4.6,0.5,0.8,1.6,2.3,14.8,malik-monk,Kings,https://a.espncdn.com/combiner/i?img=/i/teamlogos/nba/500/sac.png&w=250&h=250,https://a.espncdn.com/combiner/i?img=/i/headshots/nba/players/full/4066262.png&w=350&h=254
18,27.9,45.3,38.0,81.3,4.7,3.0,0.3,0.8,2.3,0.9,12.9,kevin-huerter,Kings,https://a.espncdn.com/combiner/i?img=/i/teamlogos/nba/500/sac.png&w=250&h=250,https://a.espncdn.com/combiner/i?img=/i/headshots/nba/players/full/4066372.png&w=350&h=254
15,32.3,38.9,30.8,85.0,5.9,1.9,0.5,1.2,2.4,1.2,12.9,keegan-murray,Kings,https://a.espncdn.com/combiner/i?img=/i/teamlogos/nba/500/sac.png&w=250&h=250,https://a.espncdn.com/combiner/i?img=/i/headshots/nba/players/full/4594327.png&w=350&h=254
19,31.6,47.8,37.8,83.0,3.3,1.5,0.2,0.8,1.1,0.8,11.8,harrison-barnes,Kings,https://a.espncdn.com/combiner/i?img=/i/teamlogos/nba/500/sac.png&w=250&h=250,https://a.espncdn.com/combiner/i?img=/i/headshots/nba/players/full/6578.png&w=350&h=254
6,20.5,37.8,26.9,64.7,5.2,1.5,0.2,0.0,2.5,1.2,7.7,trey-lyles,Kings,https://a.espncdn.com/combiner/i?img=/i/teamlogos/nba/500/sac.png&w=250&h=250,https://a.espncdn.com/combiner/i?img=/i/headshots/nba/players/full/3136196.png&w=350&h=254
16,14.1,42.2,37.0,66.7,2.3,0.3,0.3,0.4,1.3,0.3,5.9,sasha-vezenkov,Kings,https://a.espncdn.com/combiner/i?img=/i/teamlogos/nba/500/sac.png&w=250&h=250,https://a.espncdn.com/combiner/i?img=/i/headshots/nba/players/full/3893014.png&w=350&h=254
17,9.4,67.8,0.0,57.9,3.6,0.4,0.6,0.3,1.2,1.0,5.4,javale-mcgee,Kings,https://a.espncdn.com/combiner/i?img=/i/teamlogos/nba/500/sac.png&w=250&h=250,https://a.espncdn.com/combiner/i?img=/i/headshots/nba/players/full/3452.png&w=350&h=254
14,16.9,36.2,29.3,100.0,1.2,2.6,0.1,0.4,1.6,0.9,5.1,davion-mitchell,Kings,https://a.espncdn.com/combiner/i?img=/i/teamlogos/nba/500/sac.png&w=250&h=250,https://a.espncdn.com/combiner/i?img=/i/headshots/nba/players/full/4278053.png&w=350&h=254
19,36.7,52.1,50.0,89.2,6.5,5.7,1.2,0.7,1.9,3.6,31.0,kevin-durant,Suns,https://a.espncdn.com/combiner/i?img=/i/teamlogos/nba/500/phx.png&w=250&h=250,https://a.espncdn.com/combiner/i?img=/i/headshots/nba/players/full/3202.png&w=350&h=254
12,34.4,46.5,40.7,93.9,6.3,8.2,0.5,0.8,3.1,3.3,27.3,devin-booker,Suns,https://a.espncdn.com/combiner/i?img=/i/teamlogos/nba/500/phx.png&w=250&h=250,https://a.espncdn.com/combiner/i?img=/i/headshots/nba/players/full/3136193.png&w=350&h=254
3,28.7,39.1,33.3,68.8,5.3,3.7,0.3,0.7,3.0,3.0,17.3,bradley-beal,Suns,https://a.espncdn.com/combiner/i?img=/i/teamlogos/nba/500/phx.png&w=250&h=250,https://a.espncdn.com/combiner/i?img=/i/headshots/nba/players/full/6580.png&w=350&h=254
19,31.7,46.8,40.8,78.6,2.2,3.0,0.6,1.1,1.5,1.5,14.3,eric-gordon,Suns,https://a.espncdn.com/combiner/i?img=/i/teamlogos/nba/500/phx.png&w=250&h=250,https://a.espncdn.com/combiner/i?img=/i/headshots/nba/players/full/3431.png&w=350&h=254
19,33.1,48.1,46.8,89.5,4.5,2.9,0.4,0.7,2.3,1.5,12.3,grayson-allen,Suns,https://a.espncdn.com/combiner/i?img=/i/teamlogos/nba/500/phx.png&w=250&h=250,https://a.espncdn.com/combiner/i?img=/i/headshots/nba/players/full/3135045.png&w=350&h=254
21,27.9,46.6,26.0,72.2,9.1,3.9,1.3,1.0,3.7,2.2,11.7,jusuf-nurkic,Suns,https://a.espncdn.com/combiner/i?img=/i/teamlogos/nba/500/phx.png&w=250&h=250,https://a.espncdn.com/combiner/i?img=/i/headshots/nba/players/full/3102530.png&w=350&h=254
21,21.5,42.4,25.0,77.6,3.5,1.0,0.4,1.0,1.3,0.9,6.7,josh-okogie,Suns,https://a.espncdn.com/combiner/i?img=/i/teamlogos/nba/500/phx.png&w=250&h=250,https://a.espncdn.com/combiner/i?img=/i/headshots/nba/players/full/4065663.png&w=350&h=254
20,17.9,59.6,100.0,83.3,4.4,1.5,1.1,0.2,2.1,1.2,6.7,drew-eubanks,Suns,https://a.espncdn.com/combiner/i?img=/i/teamlogos/nba/500/phx.png&w=250&h=250,https://a.espncdn.com/combiner/i?img=/i/headshots/nba/players/full/3914285.png&w=350&h=254
21,17.0,39.5,35.6,81.3,3.9,2.0,0.3,0.7,1.2,0.8,6.3,jordan-goodwin,Suns,https://a.espncdn.com/combiner/i?img=/i/teamlogos/nba/500/phx.png&w=250&h=250,https://a.espncdn.com/combiner/i?img=/i/headshots/nba/players/full/4278402.png&w=350&h=254
18,18.8,41.4,27.3,76.7,3.3,0.9,0.8,0.7,1.1,0.2,5.8,keita-bates-diop,Suns,https://a.espncdn.com/combiner/i?img=/i/teamlogos/nba/500/phx.png&w=250&h=250,https://a.espncdn.com/combiner/i?img=/i/headshots/nba/players/full/3136779.png&w=350&h=254
22,33.4,55.3,40.7,71.7,7.5,6.6,0.7,1.5,1.1,3.4,25.0,lebron-james,Lakers,https://a.espncdn.com/combiner/i?img=/i/teamlogos/nba/500/lal.png&w=250&h=250,https://a.espncdn.com/combiner/i?img=/i/headshots/nba/players/full/1966.png&w=350&h=254
22,35.0,53.3,23.1,83.7,12.7,3.2,2.7,1.0,2.7,2.0,22.7,anthony-davis,Lakers,https://a.espncdn.com/combiner/i?img=/i/teamlogos/nba/500/lal.png&w=250&h=250,https://a.espncdn.com/combiner/i?img=/i/headshots/nba/players/full/6583.png&w=350&h=254
23,30.2,48.3,40.5,78.2,3.3,6.3,0.5,0.8,2.0,1.8,16.6,dangelo-russell,Lakers,https://a.espncdn.com/combiner/i?img=/i/teamlogos/nba/500/lal.png&w=250&h=250,https://a.espncdn.com/combiner/i?img=/i/headshots/nba/players/full/3136776.png&w=350&h=254
23,29.1,46.7,33.0,86.3,4.7,4.7,0.1,1.0,1.4,2.4,14.1,austin-reaves,Lakers,https://a.espncdn.com/combiner/i?img=/i/teamlogos/nba/500/lal.png&w=250&h=250,https://a.espncdn.com/combiner/i?img=/i/headshots/nba/players/full/4066457.png&w=350&h=254
14,23.0,50.0,40.5,76.7,3.5,1.1,0.2,0.8,1.6,0.9,11.4,rui-hachimura,Lakers,https://a.espncdn.com/combiner/i?img=/i/teamlogos/nba/500/lal.png&w=250&h=250,https://a.espncdn.com/combiner/i?img=/i/headshots/nba/players/full/4066648.png&w=350&h=254
21,29.4,42.1,35.8,72.2,2.5,1.4,0.4,0.8,2.2,0.8,8.8,taurean-prince,Lakers,https://a.espncdn.com/combiner/i?img=/i/teamlogos/nba/500/lal.png&w=250&h=250,https://a.espncdn.com/combiner/i?img=/i/headshots/nba/players/full/2990962.png&w=350&h=254
19,24.1,40.9,31.4,85.3,2.8,1.2,0.3,1.4,1.7,0.6,7.1,cam-reddish,Lakers,https://a.espncdn.com/combiner/i?img=/i/teamlogos/nba/500/lal.png&w=250&h=250,https://a.espncdn.com/combiner/i?img=/i/headshots/nba/players/full/4395627.png&w=350&h=254
22,19.7,44.5,26.4,68.9,5.9,0.9,0.5,0.2,1.7,1.3,6.9,christian-wood,Lakers,https://a.espncdn.com/combiner/i?img=/i/teamlogos/nba/500/lal.png&w=250&h=250,https://a.espncdn.com/combiner/i?img=/i/headshots/nba/players/full/3058254.png&w=350&h=254
4,28.3,39.3,7.1,50.0,1.0,3.0,0.0,1.5,2.5,0.5,6.0,gabe-vincent,Lakers,https://a.espncdn.com/combiner/i?img=/i/teamlogos/nba/500/lal.png&w=250&h=250,https://a.espncdn.com/combiner/i?img=/i/headshots/nba/players/full/3137259.png&w=350&h=254
18,17.6,41.5,31.6,71.4,2.7,1.0,0.2,0.4,1.6,0.7,5.0,max-christie,Lakers,https://a.espncdn.com/combiner/i?img=/i/teamlogos/nba/500/lal.png&w=250&h=250,https://a.espncdn.com/combiner/i?img=/i/headshots/nba/players/full/4432582.png&w=350&h=254
19,34.7,54.7,36.5,92.9,5.6,6.3,0.9,2.6,2.5,2.2,30.1,shai-gilgeous-alexander,Thunder,https://a.espncdn.com/combiner/i?img=/i/teamlogos/nba/500/okc.png&w=250&h=250,https://a.espncdn.com/combiner/i?img=/i/headshots/nba/players/full/4278073.png&w=350&h=254
17,32.8,49.8,35.3,88.1,4.2,3.8,0.3,0.8,3.0,1.9,17.4,jalen-williams,Thunder,https://a.espncdn.com/combiner/i?img=/i/teamlogos/nba/500/okc.png&w=250&h=250,https://a.espncdn.com/combiner/i?img=/i/headshots/nba/players/full/4593803.png&w=350&h=254
20,29.8,51.9,37.6,86.5,7.9,2.6,2.4,1.0,2.8,1.9,16.9,chet-holmgren,Thunder,https://a.espncdn.com/combiner/i?img=/i/teamlogos/nba/500/okc.png&w=250&h=250,https://a.espncdn.com/combiner/i?img=/i/headshots/nba/players/full/4433255.png&w=350&h=254
20,26.2,42.0,31.9,77.8,5.7,4.3,0.5,0.8,1.4,2.6,11.8,josh-giddey,Thunder,https://a.espncdn.com/combiner/i?img=/i/teamlogos/nba/500/okc.png&w=250&h=250,https://a.espncdn.com/combiner/i?img=/i/headshots/nba/players/full/4871145.png&w=350&h=254
20,20.5,44.9,45.3,83.3,2.5,1.2,0.3,0.8,1.2,0.5,10.3,isaiah-joe,Thunder,https://a.espncdn.com/combiner/i?img=/i/teamlogos/nba/500/okc.png&w=250&h=250,https://a.espncdn.com/combiner/i?img=/i/headshots/nba/players/full/4395702.png&w=350&h=254
20,27.7,42.9,39.3,79.5,4.1,1.3,0.8,0.9,2.9,1.0,10.0,luguentz-dort,Thunder,https://a.espncdn.com/combiner/i?img=/i/teamlogos/nba/500/okc.png&w=250&h=250,https://a.espncdn.com/combiner/i?img=/i/headshots/nba/players/full/4397020.png&w=350&h=254
20,22.1,58.8,52.4,84.6,2.4,1.3,0.4,0.6,1.7,0.5,7.4,cason-wallace,Thunder,https://a.espncdn.com/combiner/i?img=/i/teamlogos/nba/500/okc.png&w=250&h=250,https://a.espncdn.com/combiner/i?img=/i/headshots/nba/players/full/4683692.png&w=350&h=254
10,16.5,54.8,52.6,30.0,2.9,1.7,0.2,0.4,2.1,0.3,5.9,kenrich-williams,Thunder,https://a.espncdn.com/combiner/i?img=/i/teamlogos/nba/500/okc.png&w=250&h=250,https://a.espncdn.com/combiner/i?img=/i/headshots/nba/players/full/3133626.png&w=350&h=254
6,9.5,37.5,40.0,93.3,0.8,0.8,0.2,0.3,1.3,0.0,5.3,davis-bertans,Thunder,https://a.espncdn.com/combiner/i?img=/i/teamlogos/nba/500/okc.png&w=250&h=250,https://a.espncdn.com/combiner/i?img=/i/headshots/nba/players/full/6426.png&w=350&h=254
18,11.9,61.1,45.0,71.4,2.1,0.7,0.1,0.4,1.1,0.5,5.0,aaron-wiggins,Thunder,https://a.espncdn.com/combiner/i?img=/i/teamlogos/nba/500/okc.png&w=250&h=250,https://a.espncdn.com/combiner/i?img=/i/headshots/nba/players/full/4397183.png&w=350&h=254
2,32.5,39.0,42.1,100.0,1.5,4.0,0.0,1.0,2.5,0.5,23.0,anfernee-simons,Trail Blazers,https://a.espncdn.com/combiner/i?img=/i/teamlogos/nba/500/por.png&w=250&h=250,https://a.espncdn.com/combiner/i?img=/i/headshots/nba/players/full/4351851.png&w=350&h=254
19,34.9,43.7,41.2,83.0,3.8,2.2,0.9,0.8,2.2,2.5,22.1,jerami-grant,Trail Blazers,https://a.espncdn.com/combiner/i?img=/i/teamlogos/nba/500/por.png&w=250&h=250,https://a.espncdn.com/combiner/i?img=/i/headshots/nba/players/full/2991070.png&w=350&h=254
20,37.3,42.2,34.7,82.7,5.6,3.5,0.4,1.1,3.0,3.0,18.1,shaedon-sharpe,Trail Blazers,https://a.espncdn.com/combiner/i?img=/i/teamlogos/nba/500/por.png&w=250&h=250,https://a.espncdn.com/combiner/i?img=/i/headshots/nba/players/full/4914336.png&w=350&h=254
15,28.1,41.2,38.0,79.6,4.0,6.1,0.2,0.9,1.3,1.8,17.0,malcolm-brogdon,Trail Blazers,https://a.espncdn.com/combiner/i?img=/i/teamlogos/nba/500/por.png&w=250&h=250,https://a.espncdn.com/combiner/i?img=/i/headshots/nba/players/full/2566769.png&w=350&h=254
18,31.9,58.7,0.0,81.0,10.8,1.6,0.7,1.2,2.6,1.9,12.9,deandre-ayton,Trail Blazers,https://a.espncdn.com/combiner/i?img=/i/teamlogos/nba/500/por.png&w=250&h=250,https://a.espncdn.com/combiner/i?img=/i/headshots/nba/players/full/4278129.png&w=350&h=254
11,25.2,35.1,20.5,66.7,2.6,4.2,0.1,0.5,4.2,3.2,9.2,scoot-henderson,Trail Blazers,https://a.espncdn.com/combiner/i?img=/i/teamlogos/nba/500/por.png&w=250&h=250,https://a.espncdn.com/combiner/i?img=/i/headshots/nba/players/full/4683678.png&w=350&h=254
14,19.5,40.6,29.3,84.6,1.7,4.5,0.1,0.8,1.4,1.1,7.8,skylar-mays,Trail Blazers,https://a.espncdn.com/combiner/i?img=/i/teamlogos/nba/500/por.png&w=250&h=250,https://a.espncdn.com/combiner/i?img=/i/headshots/nba/players/full/4066269.png&w=350&h=254
12,14.6,40.8,34.0,87.5,2.2,1.2,0.3,0.5,1.8,0.7,7.3,duop-reath,Trail Blazers,https://a.espncdn.com/combiner/i?img=/i/teamlogos/nba/500/por.png&w=250&h=250,https://a.espncdn.com/combiner/i?img=/i/headshots/nba/players/full/4066268.png&w=350&h=254
20,17.6,45.9,25.0,74.2,4.9,0.7,0.5,0.8,2.4,1.0,7.3,jabari-walker,Trail Blazers,https://a.espncdn.com/combiner/i?img=/i/teamlogos/nba/500/por.png&w=250&h=250,https://a.espncdn.com/combiner/i?img=/i/headshots/nba/players/full/4432446.png&w=350&h=254
6,19.8,65.4,0.0,77.8,6.3,0.8,1.2,1.2,2.8,1.2,6.8,robert-williams-iii,Trail Blazers,https://a.espncdn.com/combiner/i?img=/i/teamlogos/nba/500/por.png&w=250&h=250,https://a.espncdn.com/combiner/i?img=/i/headshots/nba/players/full/4066211.png&w=350&h=254
15,34.1,48.4,38.3,84.0,8.7,1.1,0.9,1.1,2.3,1.3,23.7,lauri-markkanen,Jazz,https://a.espncdn.com/combiner/i?img=/i/teamlogos/nba/500/utah.png&w=250&h=250,https://a.espncdn.com/combiner/i?img=/i/headshots/nba/players/full/4066336.png&w=350&h=254
17,31.5,41.4,31.6,83.6,3.3,4.9,0.1,0.8,1.4,3.2,17.8,jordan-clarkson,Jazz,https://a.espncdn.com/combiner/i?img=/i/teamlogos/nba/500/utah.png&w=250&h=250,https://a.espncdn.com/combiner/i?img=/i/headshots/nba/players/full/2528426.png&w=350&h=254
21,30.9,47.7,39.5,72.7,8.4,0.9,0.8,0.6,2.9,1.4,14.2,john-collins,Jazz,https://a.espncdn.com/combiner/i?img=/i/teamlogos/nba/500/utah.png&w=250&h=250,https://a.espncdn.com/combiner/i?img=/i/headshots/nba/players/full/3908845.png&w=350&h=254
21,20.6,44.3,33.3,87.8,2.6,3.3,0.2,0.4,1.7,2.0,12.3,collin-sexton,Jazz,https://a.espncdn.com/combiner/i?img=/i/teamlogos/nba/500/utah.png&w=250&h=250,https://a.espncdn.com/combiner/i?img=/i/headshots/nba/players/full/4277811.png&w=350&h=254
21,26.3,33.8,29.9,77.8,3.3,5.2,0.1,0.5,1.1,2.3,10.3,keyonte-george,Jazz,https://a.espncdn.com/combiner/i?img=/i/teamlogos/nba/500/utah.png&w=250&h=250,https://a.espncdn.com/combiner/i?img=/i/headshots/nba/players/full/4433627.png&w=350&h=254
21,22.0,38.0,33.3,85.2,2.9,4.3,0.4,0.9,2.2,1.9,9.3,talen-horton-tucker,Jazz,https://a.espncdn.com/combiner/i?img=/i/teamlogos/nba/500/utah.png&w=250&h=250,https://a.espncdn.com/combiner/i?img=/i/headshots/nba/players/full/4396991.png&w=350&h=254
14,24.7,56.0,18.2,57.9,7.9,0.6,2.3,0.3,2.3,1.2,8.9,walker-kessler,Jazz,https://a.espncdn.com/combiner/i?img=/i/teamlogos/nba/500/utah.png&w=250&h=250,https://a.espncdn.com/combiner/i?img=/i/headshots/nba/players/full/4433136.png&w=350&h=254
19,21.1,58.1,47.1,87.9,5.5,3.7,0.2,0.8,2.9,1.9,7.6,kelly-olynyk,Jazz,https://a.espncdn.com/combiner/i?img=/i/teamlogos/nba/500/utah.png&w=250&h=250,https://a.espncdn.com/combiner/i?img=/i/headshots/nba/players/full/2489663.png&w=350&h=254
19,18.1,43.0,37.5,90.0,2.5,1.3,0.4,0.4,1.4,1.0,7.2,simone-fontecchio,Jazz,https://a.espncdn.com/combiner/i?img=/i/teamlogos/nba/500/utah.png&w=250&h=250,https://a.espncdn.com/combiner/i?img=/i/headshots/nba/players/full/3899664.png&w=350&h=254
21,20.6,46.4,40.6,75.0,2.6,1.0,0.6,0.7,1.4,0.7,6.5,ochai-agbaji,Jazz,https://a.espncdn.com/combiner/i?img=/i/teamlogos/nba/500/utah.png&w=250&h=250,https://a.espncdn.com/combiner/i?img=/i/headshots/nba/players/full/4397018.png&w=350&h=254
21,34.2,54.6,30.0,78.5,12.9,9.8,0.8,1.2,2.5,3.0,28.6,nikola-jokic,Nuggets,https://a.espncdn.com/combiner/i?img=/i/teamlogos/nba/500/den.png&w=250&h=250,https://a.espncdn.com/combiner/i?img=/i/headshots/nba/players/full/3112335.png&w=350&h=254
22,31.6,48.7,39.4,74.2,8.1,1.7,0.8,0.5,2.3,1.2,17.5,michael-porter-jr,Nuggets,https://a.espncdn.com/combiner/i?img=/i/teamlogos/nba/500/den.png&w=250&h=250,https://a.espncdn.com/combiner/i?img=/i/headshots/nba/players/full/4278104.png&w=350&h=254
9,29.8,43.4,40.4,88.0,2.7,7.1,0.7,0.3,2.1,1.9,17.0,jamal-murray,Nuggets,https://a.espncdn.com/combiner/i?img=/i/teamlogos/nba/500/den.png&w=250&h=250,https://a.espncdn.com/combiner/i?img=/i/headshots/nba/players/full/3936299.png&w=350&h=254
22,26.5,50.4,42.2,65.6,2.4,4.5,0.3,0.8,2.0,1.7,13.6,reggie-jackson,Nuggets,https://a.espncdn.com/combiner/i?img=/i/teamlogos/nba/500/den.png&w=250&h=250,https://a.espncdn.com/combiner/i?img=/i/headshots/nba/players/full/6443.png&w=350&h=254
18,33.7,49.3,23.1,52.0,7.1,3.7,0.8,1.1,1.9,1.7,13.1,aaron-gordon,Nuggets,https://a.espncdn.com/combiner/i?img=/i/teamlogos/nba/500/den.png&w=250&h=250,https://a.espncdn.com/combiner/i?img=/i/headshots/nba/players/full/3064290.png&w=350&h=254
22,34.3,44.6,40.5,92.7,2.0,2.8,0.4,1.6,2.1,1.3,10.8,kentavious-caldwell-pope,Nuggets,https://a.espncdn.com/combiner/i?img=/i/teamlogos/nba/500/den.png&w=250&h=250,https://a.espncdn.com/combiner/i?img=/i/headshots/nba/players/full/2581018.png&w=350&h=254
22,20.6,48.1,40.0,73.0,4.2,1.9,0.3,0.4,1.7,0.7,8.9,christian-braun,Nuggets,https://a.espncdn.com/combiner/i?img=/i/teamlogos/nba/500/den.png&w=250&h=250,https://a.espncdn.com/combiner/i?img=/i/headshots/nba/players/full/4431767.png&w=350&h=254
7,14.0,60.7,0.0,28.6,4.6,1.0,0.3,0.3,1.4,1.0,5.7,deandre-jordan,Nuggets,https://a.espncdn.com/combiner/i?img=/i/teamlogos/nba/500/den.png&w=250&h=250,https://a.espncdn.com/combiner/i?img=/i/headshots/nba/players/full/3442.png&w=350&h=254
19,12.6,37.4,31.1,70.0,1.2,1.1,0.3,0.3,1.7,0.2,4.9,julian-strawther,Nuggets,https://a.espncdn.com/combiner/i?img=/i/teamlogos/nba/500/den.png&w=250&h=250,https://a.espncdn.com/combiner/i?img=/i/headshots/nba/players/full/4432181.png&w=350&h=254
12,14.5,57.9,51.9,0.0,1.8,1.2,0.0,0.5,1.3,0.3,4.8,justin-holiday,Nuggets,https://a.espncdn.com/combiner/i?img=/i/teamlogos/nba/500/den.png&w=250&h=250,https://a.espncdn.com/combiner/i?img=/i/headshots/nba/players/full/2284101.png&w=350&h=254
18,35.2,45.4,37.8,86.5,5.9,5.1,0.5,1.3,1.9,3.2,25.7,anthony-edwards,Timberwolves,https://a.espncdn.com/combiner/i?img=/i/teamlogos/nba/500/min.png&w=250&h=250,https://a.espncdn.com/combiner/i?img=/i/headshots/nba/players/full/4594268.png&w=350&h=254
20,33.4,51.0,42.6,90.2,9.1,3.1,0.8,0.9,3.4,3.1,21.8,karl-anthony-towns,Timberwolves,https://a.espncdn.com/combiner/i?img=/i/teamlogos/nba/500/min.png&w=250&h=250,https://a.espncdn.com/combiner/i?img=/i/headshots/nba/players/full/3136195.png&w=350&h=254
20,32.6,61.6,0.0,62.3,12.1,1.1,2.4,0.6,2.8,1.6,13.4,rudy-gobert,Timberwolves,https://a.espncdn.com/combiner/i?img=/i/teamlogos/nba/500/min.png&w=250&h=250,https://a.espncdn.com/combiner/i?img=/i/headshots/nba/players/full/3032976.png&w=350&h=254
20,21.8,50.3,37.9,90.6,4.3,0.8,0.6,0.7,1.5,1.1,12.7,naz-reid,Timberwolves,https://a.espncdn.com/combiner/i?img=/i/teamlogos/nba/500/min.png&w=250&h=250,https://a.espncdn.com/combiner/i?img=/i/headshots/nba/players/full/4396971.png&w=350&h=254
20,29.7,43.4,41.1,96.4,3.0,6.1,0.1,1.1,1.9,0.9,10.8,mike-conley,Timberwolves,https://a.espncdn.com/combiner/i?img=/i/teamlogos/nba/500/min.png&w=250&h=250,https://a.espncdn.com/combiner/i?img=/i/headshots/nba/players/full/3195.png&w=350&h=254
11,23.6,58.2,37.9,100.0,2.2,1.3,0.4,0.5,3.3,1.0,9.5,jaden-mcdaniels,Timberwolves,https://a.espncdn.com/combiner/i?img=/i/teamlogos/nba/500/min.png&w=250&h=250,https://a.espncdn.com/combiner/i?img=/i/headshots/nba/players/full/4431671.png&w=350&h=254
20,24.1,49.1,16.7,68.8,3.7,3.9,1.0,0.8,1.5,1.6,7.3,kyle-anderson,Timberwolves,https://a.espncdn.com/combiner/i?img=/i/teamlogos/nba/500/min.png&w=250&h=250,https://a.espncdn.com/combiner/i?img=/i/headshots/nba/players/full/2993874.png&w=350&h=254
20,23.3,40.8,33.3,45.5,2.2,2.6,0.7,0.9,1.9,1.1,6.7,nickeil-alexander-walker,Timberwolves,https://a.espncdn.com/combiner/i?img=/i/teamlogos/nba/500/min.png&w=250&h=250,https://a.espncdn.com/combiner/i?img=/i/headshots/nba/players/full/4278039.png&w=350&h=254
20,16.1,35.4,21.1,80.0,1.9,1.5,0.2,0.7,1.5,1.0,5.3,shake-milton,Timberwolves,https://a.espncdn.com/combiner/i?img=/i/teamlogos/nba/500/min.png&w=250&h=250,https://a.espncdn.com/combiner/i?img=/i/headshots/nba/players/full/3915195.png&w=350&h=254
16,14.5,40.7,35.0,85.0,2.7,0.8,0.1,0.3,0.8,0.5,4.9,troy-brown-jr,Timberwolves,https://a.espncdn.com/combiner/i?img=/i/teamlogos/nba/500/min.png&w=250&h=250,https://a.espncdn.com/combiner/i?img=/i/headshots/nba/players/full/4278508.png&w=350&h=254
21,34.3,48.5,20.7,77.0,7.0,5.0,0.2,0.7,2.2,2.6,20.5,pascal-siakam,Raptors,https://a.espncdn.com/combiner/i?img=/i/teamlogos/nba/500/tor.png&w=250&h=250,https://a.espncdn.com/combiner/i?img=/i/headshots/nba/players/full/3149673.png&w=350&h=254
21,34.8,45.8,37.6,77.2,9.1,5.4,1.3,1.7,2.1,2.3,19.2,scottie-barnes,Raptors,https://a.espncdn.com/combiner/i?img=/i/teamlogos/nba/500/tor.png&w=250&h=250,https://a.espncdn.com/combiner/i?img=/i/headshots/nba/players/full/4433134.png&w=350&h=254
21,31.7,42.1,34.6,85.9,3.1,6.9,0.1,0.9,2.1,1.8,15.5,dennis-schroder,Raptors,https://a.espncdn.com/combiner/i?img=/i/teamlogos/nba/500/tor.png&w=250&h=250,https://a.espncdn.com/combiner/i?img=/i/headshots/nba/players/full/3032979.png&w=350&h=254
17,32.2,47.3,40.9,61.3,4.4,2.4,0.8,1.1,2.4,1.8,15.1,og-anunoby,Raptors,https://a.espncdn.com/combiner/i?img=/i/teamlogos/nba/500/tor.png&w=250&h=250,https://a.espncdn.com/combiner/i?img=/i/headshots/nba/players/full/3934719.png&w=350&h=254
18,25.7,40.2,36.8,59.4,2.0,1.3,0.1,0.8,1.2,0.7,11.2,gary-trent-jr,Raptors,https://a.espncdn.com/combiner/i?img=/i/teamlogos/nba/500/tor.png&w=250&h=250,https://a.espncdn.com/combiner/i?img=/i/headshots/nba/players/full/4277843.png&w=350&h=254
21,26.7,72.6,0.0,45.9,8.4,2.2,1.2,0.8,2.7,1.6,10.9,jakob-poeltl,Raptors,https://a.espncdn.com/combiner/i?img=/i/teamlogos/nba/500/tor.png&w=250&h=250,https://a.espncdn.com/combiner/i?img=/i/headshots/nba/players/full/3134908.png&w=350&h=254
15,17.8,44.1,26.9,56.0,5.9,2.0,0.4,0.6,1.7,1.3,7.4,precious-achiuwa,Raptors,https://a.espncdn.com/combiner/i?img=/i/teamlogos/nba/500/tor.png&w=250&h=250,https://a.espncdn.com/combiner/i?img=/i/headshots/nba/players/full/4431679.png&w=350&h=254
19,14.6,45.5,41.2,81.6,3.9,0.4,0.5,0.4,1.7,0.4,6.6,chris-boucher,Raptors,https://a.espncdn.com/combiner/i?img=/i/teamlogos/nba/500/tor.png&w=250&h=250,https://a.espncdn.com/combiner/i?img=/i/headshots/nba/players/full/3948153.png&w=350&h=254
21,16.0,41.9,35.2,75.0,2.0,2.1,0.2,0.6,1.3,0.9,5.2,malachi-flynn,Raptors,https://a.espncdn.com/combiner/i?img=/i/teamlogos/nba/500/tor.png&w=250&h=250,https://a.espncdn.com/combiner/i?img=/i/headshots/nba/players/full/4066668.png&w=350&h=254
15,14.7,27.0,24.4,100.0,1.5,1.0,0.0,0.3,1.5,0.8,3.9,gradey-dick,Raptors,https://a.espncdn.com/combiner/i?img=/i/teamlogos/nba/500/tor.png&w=250&h=250,https://a.espncdn.com/combiner/i?img=/i/headshots/nba/players/full/5106258.png&w=350&h=254
20,36.6,49.9,35.7,79.2,8.9,4.2,0.4,1.1,2.2,3.4,27.6,jayson-tatum,Celtics,https://a.espncdn.com/combiner/i?img=/i/teamlogos/nba/500/bos.png&w=250&h=250,https://a.espncdn.com/combiner/i?img=/i/headshots/nba/players/full/4065648.png&w=350&h=254
19,34.3,45.9,33.8,69.9,5.2,3.2,0.7,1.2,2.9,2.5,22.2,jaylen-brown,Celtics,https://a.espncdn.com/combiner/i?img=/i/teamlogos/nba/500/bos.png&w=250&h=250,https://a.espncdn.com/combiner/i?img=/i/headshots/nba/players/full/3917376.png&w=350&h=254
15,30.3,54.7,32.4,80.0,6.7,1.9,1.7,0.7,3.4,1.3,18.9,kristaps-porzingis,Celtics,https://a.espncdn.com/combiner/i?img=/i/teamlogos/nba/500/bos.png&w=250&h=250,https://a.espncdn.com/combiner/i?img=/i/headshots/nba/players/full/3102531.png&w=350&h=254
17,32.4,46.5,38.9,86.7,3.9,5.3,0.8,1.1,2.4,1.9,14.5,derrick-white,Celtics,https://a.espncdn.com/combiner/i?img=/i/teamlogos/nba/500/bos.png&w=250&h=250,https://a.espncdn.com/combiner/i?img=/i/headshots/nba/players/full/3078576.png&w=350&h=254
18,34.7,42.1,37.3,82.1,7.2,5.1,0.9,0.7,1.7,2.2,12.2,jrue-holiday,Celtics,https://a.espncdn.com/combiner/i?img=/i/teamlogos/nba/500/bos.png&w=250&h=250,https://a.espncdn.com/combiner/i?img=/i/headshots/nba/players/full/3995.png&w=350&h=254
20,22.9,47.6,45.2,87.5,3.6,0.9,0.4,0.5,1.6,0.6,10.0,sam-hauser,Celtics,https://a.espncdn.com/combiner/i?img=/i/teamlogos/nba/500/bos.png&w=250&h=250,https://a.espncdn.com/combiner/i?img=/i/headshots/nba/players/full/4065804.png&w=350&h=254
18,26.6,48.1,35.4,100.0,6.6,2.8,1.1,0.5,1.8,1.0,7.3,al-horford,Celtics,https://a.espncdn.com/combiner/i?img=/i/teamlogos/nba/500/bos.png&w=250&h=250,https://a.espncdn.com/combiner/i?img=/i/headshots/nba/players/full/3213.png&w=350&h=254
20,20.5,37.5,31.6,76.9,3.2,2.9,0.0,0.4,1.0,0.6,6.2,payton-pritchard,Celtics,https://a.espncdn.com/combiner/i?img=/i/teamlogos/nba/500/bos.png&w=250&h=250,https://a.espncdn.com/combiner/i?img=/i/headshots/nba/players/full/4066354.png&w=350&h=254
15,13.3,78.4,0.0,80.0,3.4,0.6,0.9,0.5,1.3,0.4,4.4,luke-kornet,Celtics,https://a.espncdn.com/combiner/i?img=/i/teamlogos/nba/500/bos.png&w=250&h=250,https://a.espncdn.com/combiner/i?img=/i/headshots/nba/players/full/3064560.png&w=350&h=254
3,10.3,40.0,0.0,80.0,5.7,0.0,0.0,0.3,0.7,0.7,4.0,neemias-queta,Celtics,https://a.espncdn.com/combiner/i?img=/i/teamlogos/nba/500/bos.png&w=250&h=250,https://a.espncdn.com/combiner/i?img=/i/headshots/nba/players/full/4397424.png&w=350&h=254
20,35.5,46.6,45.7,81.1,3.7,5.6,0.1,1.0,2.1,2.0,24.9,jalen-brunson,Knicks,https://a.espncdn.com/combiner/i?img=/i/teamlogos/nba/500/ny.png&w=250&h=250,https://a.espncdn.com/combiner/i?img=/i/headshots/nba/players/full/3934672.png&w=350&h=254
20,35.1,43.0,29.2,72.2,10.0,5.5,0.2,0.7,2.6,3.2,21.5,julius-randle,Knicks,https://a.espncdn.com/combiner/i?img=/i/teamlogos/nba/500/ny.png&w=250&h=250,https://a.espncdn.com/combiner/i?img=/i/headshots/nba/players/full/3064514.png&w=350&h=254
15,29.5,41.8,38.2,85.3,3.9,2.6,0.2,0.5,1.5,2.0,18.9,rj-barrett,Knicks,https://a.espncdn.com/combiner/i?img=/i/teamlogos/nba/500/ny.png&w=250&h=250,https://a.espncdn.com/combiner/i?img=/i/headshots/nba/players/full/4395625.png&w=350&h=254
20,24.2,42.8,36.4,89.1,3.0,2.9,0.1,0.5,1.6,1.2,15.0,immanuel-quickley,Knicks,https://a.espncdn.com/combiner/i?img=/i/teamlogos/nba/500/ny.png&w=250&h=250,https://a.espncdn.com/combiner/i?img=/i/headshots/nba/players/full/4395724.png&w=350&h=254
20,20.3,42.5,42.7,68.4,2.8,1.7,0.3,0.9,1.4,1.1,9.1,donte-divincenzo,Knicks,https://a.espncdn.com/combiner/i?img=/i/teamlogos/nba/500/ny.png&w=250&h=250,https://a.espncdn.com/combiner/i?img=/i/headshots/nba/players/full/3934673.png&w=350&h=254
20,28.6,47.5,35.6,73.3,6.1,2.5,0.3,1.1,1.8,1.0,8.3,josh-hart,Knicks,https://a.espncdn.com/combiner/i?img=/i/teamlogos/nba/500/ny.png&w=250&h=250,https://a.espncdn.com/combiner/i?img=/i/headshots/nba/players/full/3062679.png&w=350&h=254
20,29.8,57.6,0.0,38.9,10.4,0.7,1.4,1.6,1.9,1.0,6.0,mitchell-robinson,Knicks,https://a.espncdn.com/combiner/i?img=/i/teamlogos/nba/500/ny.png&w=250&h=250,https://a.espncdn.com/combiner/i?img=/i/headshots/nba/players/full/4351852.png&w=350&h=254
18,22.9,35.9,34.5,66.7,1.3,1.2,0.0,0.8,1.8,0.5,5.8,quentin-grimes,Knicks,https://a.espncdn.com/combiner/i?img=/i/teamlogos/nba/500/ny.png&w=250&h=250,https://a.espncdn.com/combiner/i?img=/i/headshots/nba/players/full/4397014.png&w=350&h=254
20,17.0,56.6,33.3,66.7,5.1,1.1,0.6,0.9,2.7,0.8,5.4,isaiah-hartenstein,Knicks,https://a.espncdn.com/combiner/i?img=/i/teamlogos/nba/500/ny.png&w=250&h=250,https://a.espncdn.com/combiner/i?img=/i/headshots/nba/players/full/4222252.png&w=350&h=254
1,16.0,16.7,0.0,0.0,1.0,1.0,0.0,1.0,2.0,0.0,2.0,evan-fournier,Knicks,https://a.espncdn.com/combiner/i?img=/i/teamlogos/nba/500/ny.png&w=250&h=250,https://a.espncdn.com/combiner/i?img=/i/headshots/nba/players/full/6588.png&w=350&h=254
11,31.7,45.7,33.3,84.6,3.6,2.2,0.5,0.6,1.9,1.6,24.3,cam-thomas,Nets,https://a.espncdn.com/combiner/i?img=/i/teamlogos/nba/500/bkn.png&w=250&h=250,https://a.espncdn.com/combiner/i?img=/i/headshots/nba/players/full/4432174.png&w=350&h=254
20,35.0,48.8,37.1,85.9,6.2,4.0,0.5,1.1,1.8,2.5,23.3,mikal-bridges,Nets,https://a.espncdn.com/combiner/i?img=/i/teamlogos/nba/500/bkn.png&w=250&h=250,https://a.espncdn.com/combiner/i?img=/i/headshots/nba/players/full/3147657.png&w=350&h=254
13,29.3,46.2,38.6,83.3,5.9,2.9,0.1,0.8,1.8,1.3,15.2,cameron-johnson,Nets,https://a.espncdn.com/combiner/i?img=/i/teamlogos/nba/500/bkn.png&w=250&h=250,https://a.espncdn.com/combiner/i?img=/i/headshots/nba/players/full/3138196.png&w=350&h=254
17,21.3,48.9,46.3,76.3,2.6,1.6,0.4,0.6,0.9,1.5,14.6,lonnie-walker-iv,Nets,https://a.espncdn.com/combiner/i?img=/i/teamlogos/nba/500/bkn.png&w=250&h=250,https://a.espncdn.com/combiner/i?img=/i/headshots/nba/players/full/4277890.png&w=350&h=254
19,31.3,39.6,34.7,79.7,3.9,6.2,0.2,0.6,1.5,1.7,14.6,spencer-dinwiddie,Nets,https://a.espncdn.com/combiner/i?img=/i/teamlogos/nba/500/bkn.png&w=250&h=250,https://a.espncdn.com/combiner/i?img=/i/headshots/nba/players/full/2580782.png&w=350&h=254
11,27.2,65.2,0.0,57.7,8.8,1.7,2.5,0.6,2.4,0.7,11.9,nic-claxton,Nets,https://a.espncdn.com/combiner/i?img=/i/teamlogos/nba/500/bkn.png&w=250&h=250,https://a.espncdn.com/combiner/i?img=/i/headshots/nba/players/full/4278067.png&w=350&h=254
19,31.4,47.3,45.6,33.3,5.5,1.4,0.7,0.5,2.4,0.9,11.2,dorian-finney-smith,Nets,https://a.espncdn.com/combiner/i?img=/i/teamlogos/nba/500/bkn.png&w=250&h=250,https://a.espncdn.com/combiner/i?img=/i/headshots/nba/players/full/2578185.png&w=350&h=254
19,29.2,38.0,40.0,37.5,5.3,3.4,0.8,0.8,3.1,0.9,8.1,royce-oneale,Nets,https://a.espncdn.com/combiner/i?img=/i/teamlogos/nba/500/bkn.png&w=250&h=250,https://a.espncdn.com/combiner/i?img=/i/headshots/nba/players/full/2583632.png&w=350&h=254
13,14.2,52.9,38.5,90.0,3.8,1.8,0.2,0.5,2.2,1.2,6.8,trendon-watford,Nets,https://a.espncdn.com/combiner/i?img=/i/teamlogos/nba/500/bkn.png&w=250&h=250,https://a.espncdn.com/combiner/i?img=/i/headshots/nba/players/full/4431675.png&w=350&h=254
13,17.6,42.5,31.8,85.7,3.0,3.5,0.2,0.8,2.2,0.9,6.7,dennis-smith-jr,Nets,https://a.espncdn.com/combiner/i?img=/i/teamlogos/nba/500/bkn.png&w=250&h=250,https://a.espncdn.com/combiner/i?img=/i/headshots/nba/players/full/4065697.png&w=350&h=254
17,34.7,51.1,32.1,87.6,11.4,6.6,1.8,1.0,2.9,3.8,33.1,joel-embiid,76ers,https://a.espncdn.com/combiner/i?img=/i/teamlogos/nba/500/phi.png&w=250&h=250,https://a.espncdn.com/combiner/i?img=/i/headshots/nba/players/full/3059318.png&w=350&h=254
19,38.4,46.6,39.4,90.3,4.4,6.7,0.6,0.8,1.9,1.5,26.9,tyrese-maxey,76ers,https://a.espncdn.com/combiner/i?img=/i/teamlogos/nba/500/phi.png&w=250&h=250,https://a.espncdn.com/combiner/i?img=/i/headshots/nba/players/full/4431678.png&w=350&h=254
20,35.2,51.0,31.7,88.6,6.1,2.6,0.3,1.0,1.7,1.9,17.4,tobias-harris,76ers,https://a.espncdn.com/combiner/i?img=/i/teamlogos/nba/500/phi.png&w=250&h=250,https://a.espncdn.com/combiner/i?img=/i/headshots/nba/players/full/6440.png&w=350&h=254
9,28.0,51.0,37.5,79.3,4.9,0.7,0.3,1.2,2.2,0.9,15.8,kelly-oubre-jr,76ers,https://a.espncdn.com/combiner/i?img=/i/teamlogos/nba/500/phi.png&w=250&h=250,https://a.espncdn.com/combiner/i?img=/i/headshots/nba/players/full/3133603.png&w=350&h=254
20,30.1,40.2,40.0,81.0,4.1,3.7,0.5,1.4,2.6,1.4,13.2,deanthony-melton,76ers,https://a.espncdn.com/combiner/i?img=/i/teamlogos/nba/500/phi.png&w=250&h=250,https://a.espncdn.com/combiner/i?img=/i/headshots/nba/players/full/4066436.png&w=350&h=254
14,24.4,55.8,50.0,63.6,3.9,1.9,0.8,0.6,2.1,0.5,6.1,nicolas-batum,76ers,https://a.espncdn.com/combiner/i?img=/i/teamlogos/nba/500/phi.png&w=250&h=250,https://a.espncdn.com/combiner/i?img=/i/headshots/nba/players/full/3416.png&w=350&h=254
20,18.0,44.2,37.0,85.7,3.5,0.9,0.8,1.5,2.0,0.4,5.2,robert-covington,76ers,https://a.espncdn.com/combiner/i?img=/i/teamlogos/nba/500/phi.png&w=250&h=250,https://a.espncdn.com/combiner/i?img=/i/headshots/nba/players/full/2490620.png&w=350&h=254
20,14.5,58.8,40.0,75.0,4.2,1.0,0.6,0.5,2.2,0.8,5.2,paul-reed,76ers,https://a.espncdn.com/combiner/i?img=/i/teamlogos/nba/500/phi.png&w=250&h=250,https://a.espncdn.com/combiner/i?img=/i/headshots/nba/players/full/4278562.png&w=350&h=254
13,12.3,43.6,45.8,100.0,2.2,0.5,0.4,0.3,1.5,0.4,4.9,marcus-morris-sr,76ers,https://a.espncdn.com/combiner/i?img=/i/teamlogos/nba/500/phi.png&w=250&h=250,https://a.espncdn.com/combiner/i?img=/i/headshots/nba/players/full/6462.png&w=350&h=254
20,18.3,43.0,29.3,68.8,3.3,2.6,0.3,0.6,2.0,0.8,4.6,patrick-beverley,76ers,https://a.espncdn.com/combiner/i?img=/i/teamlogos/nba/500/phi.png&w=250&h=250,https://a.espncdn.com/combiner/i?img=/i/headshots/nba/players/full/3964.png&w=350&h=254
8,34.0,44.7,41.0,88.0,5.0,4.6,0.0,1.4,1.6,2.5,22.9,tyler-herro,Heat,https://a.espncdn.com/combiner/i?img=/i/teamlogos/nba/500/mia.png&w=250&h=250,https://a.espncdn.com/combiner/i?img=/i/headshots/nba/players/full/4395725.png&w=350&h=254
16,33.6,52.2,33.3,81.3,9.9,3.9,1.0,1.2,2.4,2.4,22.3,bam-adebayo,Heat,https://a.espncdn.com/combiner/i?img=/i/teamlogos/nba/500/mia.png&w=250&h=250,https://a.espncdn.com/combiner/i?img=/i/headshots/nba/players/full/4066261.png&w=350&h=254
17,33.9,46.6,40.9,88.6,5.2,4.2,0.5,1.2,0.9,1.6,22.2,jimmy-butler,Heat,https://a.espncdn.com/combiner/i?img=/i/teamlogos/nba/500/mia.png&w=250&h=250,https://a.espncdn.com/combiner/i?img=/i/headshots/nba/players/full/6430.png&w=350&h=254
19,29.7,48.8,43.6,84.0,2.7,2.9,0.2,0.4,2.5,0.9,15.0,duncan-robinson,Heat,https://a.espncdn.com/combiner/i?img=/i/teamlogos/nba/500/mia.png&w=250&h=250,https://a.espncdn.com/combiner/i?img=/i/headshots/nba/players/full/3157465.png&w=350&h=254
21,27.0,52.0,38.5,80.6,3.7,2.5,0.2,1.0,2.3,1.5,12.1,jaime-jaquez-jr,Heat,https://a.espncdn.com/combiner/i?img=/i/teamlogos/nba/500/mia.png&w=250&h=250,https://a.espncdn.com/combiner/i?img=/i/headshots/nba/players/full/4432848.png&w=350&h=254
11,23.6,43.8,34.1,73.3,3.9,1.8,0.1,0.9,1.8,1.1,11.2,caleb-martin,Heat,https://a.espncdn.com/combiner/i?img=/i/teamlogos/nba/500/mia.png&w=250&h=250,https://a.espncdn.com/combiner/i?img=/i/headshots/nba/players/full/3138160.png&w=350&h=254
18,27.8,45.7,29.3,89.7,2.7,3.1,0.3,0.6,1.8,1.2,10.3,josh-richardson,Heat,https://a.espncdn.com/combiner/i?img=/i/teamlogos/nba/500/mia.png&w=250&h=250,https://a.espncdn.com/combiner/i?img=/i/headshots/nba/players/full/2581190.png&w=350&h=254
20,29.3,43.8,43.6,90.9,4.2,4.3,0.4,1.2,2.8,1.4,9.1,kyle-lowry,Heat,https://a.espncdn.com/combiner/i?img=/i/teamlogos/nba/500/mia.png&w=250&h=250,https://a.espncdn.com/combiner/i?img=/i/headshots/nba/players/full/3012.png&w=350&h=254
7,18.4,57.5,85.7,85.7,5.1,2.3,0.6,0.7,2.0,1.0,8.3,orlando-robinson,Heat,https://a.espncdn.com/combiner/i?img=/i/teamlogos/nba/500/mia.png&w=250&h=250,https://a.espncdn.com/combiner/i?img=/i/headshots/nba/players/full/4593049.png&w=350&h=254
15,17.5,38.9,32.8,84.4,6.2,2.6,0.0,0.1,1.9,0.5,7.9,kevin-love,Heat,https://a.espncdn.com/combiner/i?img=/i/teamlogos/nba/500/mia.png&w=250&h=250,https://a.espncdn.com/combiner/i?img=/i/headshots/nba/players/full/3449.png&w=350&h=254
19,36.1,41.2,35.2,86.8,2.8,10.6,0.1,1.5,1.5,3.8,27.2,trae-young,Hawks,https://a.espncdn.com/combiner/i?img=/i/teamlogos/nba/500/atl.png&w=250&h=250,https://a.espncdn.com/combiner/i?img=/i/headshots/nba/players/full/4277905.png&w=350&h=254
20,34.1,45.4,38.5,86.4,4.4,5.3,0.3,1.8,1.5,2.3,20.0,dejounte-murray,Hawks,https://a.espncdn.com/combiner/i?img=/i/teamlogos/nba/500/atl.png&w=250&h=250,https://a.espncdn.com/combiner/i?img=/i/headshots/nba/players/full/3907497.png&w=350&h=254
20,26.6,45.5,39.2,92.6,3.2,2.3,0.4,1.4,2.4,1.3,16.0,bogdan-bogdanovic,Hawks,https://a.espncdn.com/combiner/i?img=/i/teamlogos/nba/500/atl.png&w=250&h=250,https://a.espncdn.com/combiner/i?img=/i/headshots/nba/players/full/3037789.png&w=350&h=254
20,30.3,44.7,35.8,89.6,4.1,1.4,0.4,0.9,3.2,1.5,14.3,deandre-hunter,Hawks,https://a.espncdn.com/combiner/i?img=/i/teamlogos/nba/500/atl.png&w=250&h=250,https://a.espncdn.com/combiner/i?img=/i/headshots/nba/players/full/4065732.png&w=350&h=254
15,29.9,59.4,42.5,75.8,7.3,2.4,1.0,1.1,2.2,2.0,14.1,jalen-johnson,Hawks,https://a.espncdn.com/combiner/i?img=/i/teamlogos/nba/500/atl.png&w=250&h=250,https://a.espncdn.com/combiner/i?img=/i/headshots/nba/players/full/4701230.png&w=350&h=254
20,29.6,51.4,40.7,80.5,5.9,1.2,0.2,1.1,1.6,1.3,12.8,saddiq-bey,Hawks,https://a.espncdn.com/combiner/i?img=/i/teamlogos/nba/500/atl.png&w=250&h=250,https://a.espncdn.com/combiner/i?img=/i/headshots/nba/players/full/4397136.png&w=350&h=254
20,24.7,57.2,0.0,60.4,10.2,1.1,1.7,0.7,2.4,0.9,10.6,clint-capela,Hawks,https://a.espncdn.com/combiner/i?img=/i/teamlogos/nba/500/atl.png&w=250&h=250,https://a.espncdn.com/combiner/i?img=/i/headshots/nba/players/full/3102529.png&w=350&h=254
20,23.3,55.4,21.7,85.4,6.8,1.5,0.8,0.6,2.8,0.8,8.5,onyeka-okongwu,Hawks,https://a.espncdn.com/combiner/i?img=/i/teamlogos/nba/500/atl.png&w=250&h=250,https://a.espncdn.com/combiner/i?img=/i/headshots/nba/players/full/4431680.png&w=350&h=254
1,5.0,50.0,100.0,0.0,1.0,0.0,0.0,0.0,0.0,0.0,3.0,patty-mills,Hawks,https://a.espncdn.com/combiner/i?img=/i/teamlogos/nba/500/atl.png&w=250&h=250,https://a.espncdn.com/combiner/i?img=/i/headshots/nba/players/full/4004.png&w=350&h=254
11,9.2,30.3,33.3,100.0,0.9,0.3,0.0,0.1,0.5,0.4,2.7,aj-griffin,Hawks,https://a.espncdn.com/combiner/i?img=/i/teamlogos/nba/500/atl.png&w=250&h=250,https://a.espncdn.com/combiner/i?img=/i/headshots/nba/players/full/4432585.png&w=350&h=254
15,33.4,44.3,38.8,85.7,5.5,8.2,0.3,1.4,3.5,3.9,24.7,lamelo-ball,Hornets,https://a.espncdn.com/combiner/i?img=/i/teamlogos/nba/500/cha.png&w=250&h=250,https://a.espncdn.com/combiner/i?img=/i/headshots/nba/players/full/4432816.png&w=350&h=254
10,36.4,45.8,32.3,82.5,3.8,6.6,0.5,1.0,1.7,2.5,22.8,terry-rozier,Hornets,https://a.espncdn.com/combiner/i?img=/i/teamlogos/nba/500/cha.png&w=250&h=250,https://a.espncdn.com/combiner/i?img=/i/headshots/nba/players/full/3074752.png&w=350&h=254
9,36.7,49.6,40.9,83.3,7.1,2.7,0.3,1.4,2.2,1.6,20.0,miles-bridges,Hornets,https://a.espncdn.com/combiner/i?img=/i/teamlogos/nba/500/cha.png&w=250&h=250,https://a.espncdn.com/combiner/i?img=/i/headshots/nba/players/full/4066383.png&w=350&h=254
18,32.4,44.3,36.2,76.7,5.0,4.6,0.5,1.3,1.8,2.0,14.7,gordon-hayward,Hornets,https://a.espncdn.com/combiner/i?img=/i/teamlogos/nba/500/cha.png&w=250&h=250,https://a.espncdn.com/combiner/i?img=/i/headshots/nba/players/full/4249.png&w=350&h=254
17,31.5,44.7,39.0,80.0,4.2,2.1,0.5,0.6,3.0,1.3,14.2,brandon-miller,Hornets,https://a.espncdn.com/combiner/i?img=/i/teamlogos/nba/500/cha.png&w=250&h=250,https://a.espncdn.com/combiner/i?img=/i/headshots/nba/players/full/4433287.png&w=350&h=254
18,31.4,42.7,31.5,71.4,5.4,2.4,1.0,0.7,2.8,1.5,14.1,pj-washington,Hornets,https://a.espncdn.com/combiner/i?img=/i/teamlogos/nba/500/cha.png&w=250&h=250,https://a.espncdn.com/combiner/i?img=/i/headshots/nba/players/full/4278078.png&w=350&h=254
18,27.1,65.3,0.0,71.9,10.1,1.2,1.0,0.8,2.7,0.9,13.2,mark-williams,Hornets,https://a.espncdn.com/combiner/i?img=/i/teamlogos/nba/500/cha.png&w=250&h=250,https://a.espncdn.com/combiner/i?img=/i/headshots/nba/players/full/4701232.png&w=350&h=254
13,17.6,73.5,0.0,81.6,6.1,0.4,1.3,0.4,2.8,1.2,7.9,nick-richards,Hornets,https://a.espncdn.com/combiner/i?img=/i/teamlogos/nba/500/cha.png&w=250&h=250,https://a.espncdn.com/combiner/i?img=/i/headshots/nba/players/full/4278076.png&w=350&h=254
1,5.0,66.7,50.0,0.0,1.0,0.0,0.0,0.0,0.0,0.0,5.0,james-bouknight,Hornets,https://a.espncdn.com/combiner/i?img=/i/teamlogos/nba/500/cha.png&w=250&h=250,https://a.espncdn.com/combiner/i?img=/i/headshots/nba/players/full/4431712.png&w=350&h=254
14,15.8,46.8,46.7,80.0,1.9,0.9,0.1,0.4,1.5,0.6,4.7,bryce-mcgowens,Hornets,https://a.espncdn.com/combiner/i?img=/i/teamlogos/nba/500/cha.png&w=250&h=250,https://a.espncdn.com/combiner/i?img=/i/headshots/nba/players/full/4576086.png&w=350&h=254
20,31.4,47.3,35.9,82.4,5.9,4.8,0.7,0.3,2.1,2.4,23.2,kyle-kuzma,Wizards,https://a.espncdn.com/combiner/i?img=/i/teamlogos/nba/500/wsh.png&w=250&h=250,https://a.espncdn.com/combiner/i?img=/i/headshots/nba/players/full/3134907.png&w=350&h=254
19,29.5,40.4,29.8,85.5,2.7,3.4,0.4,1.2,3.2,2.8,17.5,jordan-poole,Wizards,https://a.espncdn.com/combiner/i?img=/i/teamlogos/nba/500/wsh.png&w=250&h=250,https://a.espncdn.com/combiner/i?img=/i/headshots/nba/players/full/4277956.png&w=350&h=254
20,26.8,51.9,35.7,82.9,5.4,3.9,0.3,0.8,2.3,1.5,12.1,deni-avdija,Wizards,https://a.espncdn.com/combiner/i?img=/i/teamlogos/nba/500/wsh.png&w=250&h=250,https://a.espncdn.com/combiner/i?img=/i/headshots/nba/players/full/4683021.png&w=350&h=254
20,27.0,50.5,35.9,73.3,2.8,5.1,0.2,1.0,0.9,0.7,11.3,tyus-jones,Wizards,https://a.espncdn.com/combiner/i?img=/i/teamlogos/nba/500/wsh.png&w=250&h=250,https://a.espncdn.com/combiner/i?img=/i/headshots/nba/players/full/3135046.png&w=350&h=254
19,23.0,45.8,39.4,79.5,2.6,1.6,0.0,0.5,1.7,0.9,11.2,corey-kispert,Wizards,https://a.espncdn.com/combiner/i?img=/i/teamlogos/nba/500/wsh.png&w=250&h=250,https://a.espncdn.com/combiner/i?img=/i/headshots/nba/players/full/4280151.png&w=350&h=254
18,25.0,71.2,0.0,65.9,7.5,1.7,2.1,0.7,3.6,1.1,10.3,daniel-gafford,Wizards,https://a.espncdn.com/combiner/i?img=/i/teamlogos/nba/500/wsh.png&w=250&h=250,https://a.espncdn.com/combiner/i?img=/i/headshots/nba/players/full/4278049.png&w=350&h=254
19,26.4,52.5,41.2,68.0,3.6,1.7,0.7,1.2,1.8,1.5,8.5,bilal-coulibaly,Wizards,https://a.espncdn.com/combiner/i?img=/i/teamlogos/nba/500/wsh.png&w=250&h=250,https://a.espncdn.com/combiner/i?img=/i/headshots/nba/players/full/5104155.png&w=350&h=254
15,16.9,47.5,40.0,45.5,1.4,1.5,0.1,0.6,2.1,0.6,8.3,landry-shamet,Wizards,https://a.espncdn.com/combiner/i?img=/i/teamlogos/nba/500/wsh.png&w=250&h=250,https://a.espncdn.com/combiner/i?img=/i/headshots/nba/players/full/3914044.png&w=350&h=254
18,15.8,47.1,34.0,81.6,3.3,1.5,0.2,0.3,1.1,0.4,7.9,danilo-gallinari,Wizards,https://a.espncdn.com/combiner/i?img=/i/teamlogos/nba/500/wsh.png&w=250&h=250,https://a.espncdn.com/combiner/i?img=/i/headshots/nba/players/full/3428.png&w=350&h=254
11,6.8,63.9,45.5,75.0,1.9,0.7,0.1,0.5,0.9,0.5,5.7,eugene-omoruyi,Wizards,https://a.espncdn.com/combiner/i?img=/i/teamlogos/nba/500/wsh.png&w=250&h=250,https://a.espncdn.com/combiner/i?img=/i/headshots/nba/players/full/4066410.png&w=350&h=254
21,33.6,49.2,42.4,67.7,6.8,4.7,0.6,1.0,2.3,3.1,20.6,paolo-banchero,Magic,https://a.espncdn.com/combiner/i?img=/i/teamlogos/nba/500/orl.png&w=250&h=250,https://a.espncdn.com/combiner/i?img=/i/headshots/nba/players/full/4432573.png&w=350&h=254
21,33.2,45.3,31.1,83.8,5.8,3.8,0.4,1.1,2.1,1.8,20.4,franz-wagner,Magic,https://a.espncdn.com/combiner/i?img=/i/teamlogos/nba/500/orl.png&w=250&h=250,https://a.espncdn.com/combiner/i?img=/i/headshots/nba/players/full/4566434.png&w=350&h=254
21,26.0,44.9,36.6,84.4,4.7,3.5,0.6,0.8,3.0,2.0,15.4,cole-anthony,Magic,https://a.espncdn.com/combiner/i?img=/i/teamlogos/nba/500/orl.png&w=250&h=250,https://a.espncdn.com/combiner/i?img=/i/headshots/nba/players/full/4432809.png&w=350&h=254
21,19.6,63.6,36.1,78.7,4.3,1.1,0.4,0.5,2.4,1.5,12.9,moritz-wagner,Magic,https://a.espncdn.com/combiner/i?img=/i/teamlogos/nba/500/orl.png&w=250&h=250,https://a.espncdn.com/combiner/i?img=/i/headshots/nba/players/full/3150844.png&w=350&h=254
20,26.0,44.9,36.5,81.5,3.5,2.7,0.6,1.9,2.9,2.1,12.2,jalen-suggs,Magic,https://a.espncdn.com/combiner/i?img=/i/teamlogos/nba/500/orl.png&w=250&h=250,https://a.espncdn.com/combiner/i?img=/i/headshots/nba/players/full/4432165.png&w=350&h=254
5,28.6,48.2,0.0,75.0,3.4,4.0,0.4,1.2,1.2,1.2,11.4,markelle-fultz,Magic,https://a.espncdn.com/combiner/i?img=/i/teamlogos/nba/500/orl.png&w=250&h=250,https://a.espncdn.com/combiner/i?img=/i/headshots/nba/players/full/4066636.png&w=350&h=254
5,29.4,37.8,31.3,57.1,8.6,1.6,0.4,0.6,2.8,1.6,9.4,wendell-carter-jr,Magic,https://a.espncdn.com/combiner/i?img=/i/teamlogos/nba/500/orl.png&w=250&h=250,https://a.espncdn.com/combiner/i?img=/i/headshots/nba/players/full/4277847.png&w=350&h=254
16,21.5,44.2,35.8,78.3,1.9,1.9,0.3,0.9,1.4,0.5,7.9,gary-harris,Magic,https://a.espncdn.com/combiner/i?img=/i/teamlogos/nba/500/orl.png&w=250&h=250,https://a.espncdn.com/combiner/i?img=/i/headshots/nba/players/full/2999547.png&w=350&h=254
19,20.2,55.2,20.0,70.7,5.8,1.8,1.4,0.7,2.5,0.7,6.6,goga-bitadze,Magic,https://a.espncdn.com/combiner/i?img=/i/teamlogos/nba/500/orl.png&w=250&h=250,https://a.espncdn.com/combiner/i?img=/i/headshots/nba/players/full/4348700.png&w=350&h=254
15,13.4,43.8,22.9,79.3,4.5,0.3,1.3,0.9,1.4,0.7,6.3,jonathan-isaac,Magic,https://a.espncdn.com/combiner/i?img=/i/teamlogos/nba/500/orl.png&w=250&h=250,https://a.espncdn.com/combiner/i?img=/i/headshots/nba/players/full/4065654.png&w=350&h=254
16,35.6,45.1,35.6,88.9,5.4,5.3,0.4,2.0,2.0,2.6,27.6,donovan-mitchell,Cavaliers,https://a.espncdn.com/combiner/i?img=/i/teamlogos/nba/500/cle.png&w=250&h=250,https://a.espncdn.com/combiner/i?img=/i/headshots/nba/players/full/3908809.png&w=350&h=254
16,33.8,46.9,32.9,83.3,2.7,6.1,0.3,1.4,1.5,4.0,19.7,darius-garland,Cavaliers,https://a.espncdn.com/combiner/i?img=/i/teamlogos/nba/500/cle.png&w=250&h=250,https://a.espncdn.com/combiner/i?img=/i/headshots/nba/players/full/4396907.png&w=350&h=254
21,33.6,57.0,20.0,76.9,10.5,2.9,1.7,0.8,2.9,2.3,16.0,evan-mobley,Cavaliers,https://a.espncdn.com/combiner/i?img=/i/teamlogos/nba/500/cle.png&w=250&h=250,https://a.espncdn.com/combiner/i?img=/i/headshots/nba/players/full/4432158.png&w=350&h=254
16,30.4,40.8,31.0,74.0,3.7,3.6,0.4,1.0,1.8,1.4,14.9,caris-levert,Cavaliers,https://a.espncdn.com/combiner/i?img=/i/teamlogos/nba/500/cle.png&w=250&h=250,https://a.espncdn.com/combiner/i?img=/i/headshots/nba/players/full/2991043.png&w=350&h=254
21,35.1,44.2,38.5,81.5,5.5,4.1,0.6,1.0,2.8,1.6,14.5,max-strus,Cavaliers,https://a.espncdn.com/combiner/i?img=/i/teamlogos/nba/500/cle.png&w=250&h=250,https://a.espncdn.com/combiner/i?img=/i/headshots/nba/players/full/4065778.png&w=350&h=254
16,28.8,69.6,0.0,74.5,8.3,2.3,1.1,0.6,2.8,1.9,13.4,jarrett-allen,Cavaliers,https://a.espncdn.com/combiner/i?img=/i/teamlogos/nba/500/cle.png&w=250&h=250,https://a.espncdn.com/combiner/i?img=/i/headshots/nba/players/full/4066328.png&w=350&h=254
21,22.6,42.0,35.1,92.3,4.0,1.3,0.1,0.3,2.4,0.6,8.4,georges-niang,Cavaliers,https://a.espncdn.com/combiner/i?img=/i/teamlogos/nba/500/cle.png&w=250&h=250,https://a.espncdn.com/combiner/i?img=/i/headshots/nba/players/full/2990969.png&w=350&h=254
13,13.7,56.1,42.9,72.7,1.8,2.3,0.4,0.5,1.2,1.1,7.2,craig-porter,Cavaliers,https://a.espncdn.com/combiner/i?img=/i/teamlogos/nba/500/cle.png&w=250&h=250,https://a.espncdn.com/combiner/i?img=/i/headshots/nba/players/full/4701233.png&w=350&h=254
12,24.8,47.1,34.8,66.7,3.5,1.7,0.5,1.1,2.4,0.8,6.8,isaac-okoro,Cavaliers,https://a.espncdn.com/combiner/i?img=/i/teamlogos/nba/500/cle.png&w=250&h=250,https://a.espncdn.com/combiner/i?img=/i/headshots/nba/players/full/4432822.png&w=350&h=254
14,19.9,34.8,32.6,50.0,4.1,0.8,0.2,0.8,2.2,0.4,3.4,dean-wade,Cavaliers,https://a.espncdn.com/combiner/i?img=/i/teamlogos/nba/500/cle.png&w=250&h=250,https://a.espncdn.com/combiner/i?img=/i/headshots/nba/players/full/3912848.png&w=350&h=254
18,34.4,52.5,44.1,88.4,4.2,12.1,0.7,1.0,1.1,2.2,26.9,tyrese-haliburton,Pacers,https://a.espncdn.com/combiner/i?img=/i/teamlogos/nba/500/ind.png&w=250&h=250,https://a.espncdn.com/combiner/i?img=/i/headshots/nba/players/full/4396993.png&w=350&h=254
20,27.5,50.6,32.2,77.8,8.0,1.4,2.1,0.7,3.3,1.4,17.1,myles-turner,Pacers,https://a.espncdn.com/combiner/i?img=/i/teamlogos/nba/500/ind.png&w=250&h=250,https://a.espncdn.com/combiner/i?img=/i/headshots/nba/players/full/3133628.png&w=350&h=254
20,25.5,45.0,38.8,84.6,3.3,2.7,0.6,0.9,2.1,1.5,13.3,buddy-hield,Pacers,https://a.espncdn.com/combiner/i?img=/i/teamlogos/nba/500/ind.png&w=250&h=250,https://a.espncdn.com/combiner/i?img=/i/headshots/nba/players/full/2990984.png&w=350&h=254
20,24.8,61.2,36.8,79.4,3.2,1.4,0.6,0.7,2.0,0.8,13.0,obi-toppin,Pacers,https://a.espncdn.com/combiner/i?img=/i/teamlogos/nba/500/ind.png&w=250&h=250,https://a.espncdn.com/combiner/i?img=/i/headshots/nba/players/full/4278355.png&w=350&h=254
20,24.7,43.6,35.8,78.9,3.9,1.9,0.2,0.6,2.0,1.4,13.0,bennedict-mathurin,Pacers,https://a.espncdn.com/combiner/i?img=/i/teamlogos/nba/500/ind.png&w=250&h=250,https://a.espncdn.com/combiner/i?img=/i/headshots/nba/players/full/4683634.png&w=350&h=254
20,31.8,47.2,35.6,84.3,4.4,2.8,0.3,1.2,2.4,1.2,12.6,bruce-brown,Pacers,https://a.espncdn.com/combiner/i?img=/i/teamlogos/nba/500/ind.png&w=250&h=250,https://a.espncdn.com/combiner/i?img=/i/headshots/nba/players/full/4065670.png&w=350&h=254
18,24.3,54.1,44.3,65.7,3.1,1.0,0.6,0.9,3.4,0.6,11.0,aaron-nesmith,Pacers,https://a.espncdn.com/combiner/i?img=/i/teamlogos/nba/500/ind.png&w=250&h=250,https://a.espncdn.com/combiner/i?img=/i/headshots/nba/players/full/4396909.png&w=350&h=254
14,15.4,70.7,66.7,74.1,5.5,0.9,0.3,0.4,2.1,1.1,10.0,jalen-smith,Pacers,https://a.espncdn.com/combiner/i?img=/i/teamlogos/nba/500/ind.png&w=250&h=250,https://a.espncdn.com/combiner/i?img=/i/headshots/nba/players/full/4397189.png&w=350&h=254
14,14.3,56.1,16.7,68.8,2.4,4.2,0.1,0.9,1.1,1.0,7.4,tj-mcconnell,Pacers,https://a.espncdn.com/combiner/i?img=/i/teamlogos/nba/500/ind.png&w=250&h=250,https://a.espncdn.com/combiner/i?img=/i/headshots/nba/players/full/2530530.png&w=350&h=254
5,14.6,41.2,26.7,75.0,3.0,1.2,0.2,0.8,1.6,1.4,7.0,jordan-nwora,Pacers,https://a.espncdn.com/combiner/i?img=/i/teamlogos/nba/500/ind.png&w=250&h=250,https://a.espncdn.com/combiner/i?img=/i/headshots/nba/players/full/4277883.png&w=350&h=254
21,35.0,41.6,34.4,89.7,3.9,7.4,0.2,1.0,2.8,4.4,22.0,cade-cunningham,Pistons,https://a.espncdn.com/combiner/i?img=/i/teamlogos/nba/500/det.png&w=250&h=250,https://a.espncdn.com/combiner/i?img=/i/headshots/nba/players/full/4432166.png&w=350&h=254
2,30.0,50.0,38.9,87.5,3.0,4.5,0.0,2.0,0.5,1.5,22.0,bojan-bogdanovic,Pistons,https://a.espncdn.com/combiner/i?img=/i/teamlogos/nba/500/det.png&w=250&h=250,https://a.espncdn.com/combiner/i?img=/i/headshots/nba/players/full/3593.png&w=350&h=254
14,28.9,63.0,0.0,57.1,10.9,2.5,1.4,0.6,3.4,2.7,12.6,jalen-duren,Pistons,https://a.espncdn.com/combiner/i?img=/i/teamlogos/nba/500/det.png&w=250&h=250,https://a.espncdn.com/combiner/i?img=/i/headshots/nba/players/full/4433621.png&w=350&h=254
17,23.1,49.6,34.6,78.7,2.7,2.9,0.5,0.8,2.6,2.0,11.4,jaden-ivey,Pistons,https://a.espncdn.com/combiner/i?img=/i/teamlogos/nba/500/det.png&w=250&h=250,https://a.espncdn.com/combiner/i?img=/i/headshots/nba/players/full/4433218.png&w=350&h=254
21,31.1,44.8,36.9,80.6,7.1,1.4,0.7,0.3,2.5,1.7,11.0,isaiah-stewart,Pistons,https://a.espncdn.com/combiner/i?img=/i/teamlogos/nba/500/det.png&w=250&h=250,https://a.espncdn.com/combiner/i?img=/i/headshots/nba/players/full/4432810.png&w=350&h=254
21,27.7,45.7,14.6,69.8,8.9,2.5,1.4,1.0,3.6,2.0,10.4,ausar-thompson,Pistons,https://a.espncdn.com/combiner/i?img=/i/teamlogos/nba/500/det.png&w=250&h=250,https://a.espncdn.com/combiner/i?img=/i/headshots/nba/players/full/4684742.png&w=350&h=254
14,19.6,33.6,35.5,86.4,2.4,1.9,0.3,0.4,1.6,0.4,10.2,alec-burks,Pistons,https://a.espncdn.com/combiner/i?img=/i/teamlogos/nba/500/det.png&w=250&h=250,https://a.espncdn.com/combiner/i?img=/i/headshots/nba/players/full/6429.png&w=350&h=254
19,18.1,57.5,20.0,87.0,4.8,1.2,0.6,0.1,1.5,1.2,9.8,marvin-bagley-iii,Pistons,https://a.espncdn.com/combiner/i?img=/i/teamlogos/nba/500/det.png&w=250&h=250,https://a.espncdn.com/combiner/i?img=/i/headshots/nba/players/full/4277848.png&w=350&h=254
20,26.9,42.5,32.1,67.7,2.9,4.3,0.7,1.2,2.1,0.9,9.7,killian-hayes,Pistons,https://a.espncdn.com/combiner/i?img=/i/teamlogos/nba/500/det.png&w=250&h=250,https://a.espncdn.com/combiner/i?img=/i/headshots/nba/players/full/4683024.png&w=350&h=254
6,20.7,51.2,42.9,66.7,3.5,0.5,0.2,0.7,2.0,1.0,8.8,kevin-knox-ii,Pistons,https://a.espncdn.com/combiner/i?img=/i/teamlogos/nba/500/det.png&w=250&h=250,https://a.espncdn.com/combiner/i?img=/i/headshots/nba/players/full/4278075.png&w=350&h=254
20,35.5,45.3,37.3,81.8,3.5,4.8,0.8,0.9,2.1,1.3,21.9,demar-derozan,Bulls,https://a.espncdn.com/combiner/i?img=/i/teamlogos/nba/500/chi.png&w=250&h=250,https://a.espncdn.com/combiner/i?img=/i/headshots/nba/players/full/3978.png&w=350&h=254
18,35.3,44.3,33.6,86.6,4.9,3.4,0.2,0.9,2.1,2.0,21.0,zach-lavine,Bulls,https://a.espncdn.com/combiner/i?img=/i/teamlogos/nba/500/chi.png&w=250&h=250,https://a.espncdn.com/combiner/i?img=/i/headshots/nba/players/full/3064440.png&w=350&h=254
22,34.3,45.4,26.0,84.2,10.0,3.2,0.7,0.9,2.8,1.8,15.8,nikola-vucevic,Bulls,https://a.espncdn.com/combiner/i?img=/i/teamlogos/nba/500/chi.png&w=250&h=250,https://a.espncdn.com/combiner/i?img=/i/headshots/nba/players/full/6478.png&w=350&h=254
22,33.4,42.4,40.4,84.1,3.4,4.3,0.3,0.9,2.9,1.8,15.2,coby-white,Bulls,https://a.espncdn.com/combiner/i?img=/i/teamlogos/nba/500/chi.png&w=250&h=250,https://a.espncdn.com/combiner/i?img=/i/headshots/nba/players/full/4395651.png&w=350&h=254
19,23.7,54.2,47.8,77.4,3.4,2.3,0.8,1.3,2.3,1.3,9.8,alex-caruso,Bulls,https://a.espncdn.com/combiner/i?img=/i/teamlogos/nba/500/chi.png&w=250&h=250,https://a.espncdn.com/combiner/i?img=/i/headshots/nba/players/full/2991350.png&w=350&h=254
22,24.9,41.1,32.4,73.5,4.1,1.2,1.0,1.0,1.5,1.2,8.0,patrick-williams,Bulls,https://a.espncdn.com/combiner/i?img=/i/teamlogos/nba/500/chi.png&w=250&h=250,https://a.espncdn.com/combiner/i?img=/i/headshots/nba/players/full/4431687.png&w=350&h=254
20,17.8,49.5,37.0,77.8,1.7,1.7,0.1,0.7,1.6,0.9,6.6,ayo-dosunmu,Bulls,https://a.espncdn.com/combiner/i?img=/i/teamlogos/nba/500/chi.png&w=250&h=250,https://a.espncdn.com/combiner/i?img=/i/headshots/nba/players/full/4397002.png&w=350&h=254
22,13.2,51.5,0.0,58.7,6.6,0.6,0.3,1.0,1.7,1.1,5.9,andre-drummond,Bulls,https://a.espncdn.com/combiner/i?img=/i/teamlogos/nba/500/chi.png&w=250&h=250,https://a.espncdn.com/combiner/i?img=/i/headshots/nba/players/full/6585.png&w=350&h=254
22,21.1,42.3,35.2,92.3,4.9,1.2,0.4,0.6,2.4,0.6,5.4,torrey-craig,Bulls,https://a.espncdn.com/combiner/i?img=/i/teamlogos/nba/500/chi.png&w=250&h=250,https://a.espncdn.com/combiner/i?img=/i/headshots/nba/players/full/2528693.png&w=350&h=254
22,14.4,39.1,35.7,0.0,0.5,1.3,0.3,0.5,1.1,0.7,5.2,jevon-carter,Bulls,https://a.espncdn.com/combiner/i?img=/i/teamlogos/nba/500/chi.png&w=250&h=250,https://a.espncdn.com/combiner/i?img=/i/headshots/nba/players/full/3133635.png&w=350&h=254
21,34.6,61.4,24.3,65.7,10.6,5.0,1.3,1.4,3.1,4.0,30.5,giannis-antetokounmpo,Bucks,https://a.espncdn.com/combiner/i?img=/i/teamlogos/nba/500/mil.png&w=250&h=250,https://a.espncdn.com/combiner/i?img=/i/headshots/nba/players/full/3032977.png&w=350&h=254
20,35.3,43.1,35.7,92.4,4.6,7.0,0.2,1.1,1.6,2.8,25.6,damian-lillard,Bucks,https://a.espncdn.com/combiner/i?img=/i/teamlogos/nba/500/mil.png&w=250&h=250,https://a.espncdn.com/combiner/i?img=/i/headshots/nba/players/full/6606.png&w=350&h=254
22,30.3,50.0,35.3,77.5,5.1,1.5,2.8,0.9,2.5,0.9,13.5,brook-lopez,Bucks,https://a.espncdn.com/combiner/i?img=/i/teamlogos/nba/500/mil.png&w=250&h=250,https://a.espncdn.com/combiner/i?img=/i/headshots/nba/players/full/3448.png&w=350&h=254
18,21.6,47.0,37.7,79.4,4.3,4.1,0.1,0.8,1.8,1.8,12.4,khris-middleton,Bucks,https://a.espncdn.com/combiner/i?img=/i/teamlogos/nba/500/mil.png&w=250&h=250,https://a.espncdn.com/combiner/i?img=/i/headshots/nba/players/full/6609.png&w=350&h=254
22,29.6,47.7,45.5,66.7,4.4,1.4,0.1,0.9,2.0,0.7,11.9,malik-beasley,Bucks,https://a.espncdn.com/combiner/i?img=/i/teamlogos/nba/500/mil.png&w=250&h=250,https://a.espncdn.com/combiner/i?img=/i/headshots/nba/players/full/3907822.png&w=350&h=254
22,23.6,47.6,29.1,77.1,6.5,1.2,0.6,0.8,2.4,0.9,11.0,bobby-portis,Bucks,https://a.espncdn.com/combiner/i?img=/i/teamlogos/nba/500/mil.png&w=250&h=250,https://a.espncdn.com/combiner/i?img=/i/headshots/nba/players/full/3064482.png&w=350&h=254
9,26.7,53.2,51.6,58.3,3.9,1.7,0.3,0.8,1.6,0.4,8.1,jae-crowder,Bucks,https://a.espncdn.com/combiner/i?img=/i/teamlogos/nba/500/mil.png&w=250&h=250,https://a.espncdn.com/combiner/i?img=/i/headshots/nba/players/full/6581.png&w=350&h=254
22,17.0,48.2,43.8,100.0,1.4,2.3,0.1,0.4,2.0,0.9,6.6,cameron-payne,Bucks,https://a.espncdn.com/combiner/i?img=/i/teamlogos/nba/500/mil.png&w=250&h=250,https://a.espncdn.com/combiner/i?img=/i/headshots/nba/players/full/3064230.png&w=350&h=254
18,23.1,42.2,33.9,66.7,3.5,2.0,0.2,0.5,1.1,0.8,5.8,pat-connaughton,Bucks,https://a.espncdn.com/combiner/i?img=/i/teamlogos/nba/500/mil.png&w=250&h=250,https://a.espncdn.com/combiner/i?img=/i/headshots/nba/players/full/2578239.png&w=350&h=254
18,16.3,46.8,44.4,56.3,2.6,0.9,0.2,0.3,1.7,0.6,5.4,marjon-beauchamp,Bucks,https://a.espncdn.com/combiner/i?img=/i/teamlogos/nba/500/mil.png&w=250&h=250,https://a.espncdn.com/combiner/i?img=/i/headshots/nba/players/full/4432179.png&w=350&h=254