Kyrie Irving,60,60,32.2,24.4,0.6,3.2,3.8,5.1,1.1,0.3,2.3,2.0,2.2
Jaylen Brown,70,70,30.7,14.5,0.9,4.0,4.9,1.6,1.0,0.4,1.8,2.6,0.9
Jayson Tatum,80,80,30.5,13.9,0.6,4.4,5.0,1.6,1.0,0.7,1.4,2.1,1.1
Marcus Morris Sr.,54,21,26.7,13.6,0.8,4.6,5.4,1.3,0.6,0.2,1.2,1.9,1.1
Al Horford,72,72,31.6,12.9,1.4,5.9,7.4,4.7,0.6,1.1,1.8,1.9,2.6
Terry Rozier,80,16,25.9,11.3,0.8,3.9,4.7,2.9,1.0,0.2,1.0,1.5,2.9
Greg Monroe,26,0,19.1,10.2,2.0,4.3,6.3,2.3,1.1,0.7,1.8,1.8,1.2
Marcus Smart,54,11,29.9,10.2,0.8,2.7,3.5,4.8,1.3,0.4,2.4,2.5,2.0
Jonathan Gibson,4,0,10.0,8.5,0.0,0.8,0.8,1.0,0.0,0.0,0.8,1.3,1.3
Aron Baynes,81,67,18.3,6.0,1.6,3.8,5.4,1.1,0.3,0.6,1.0,2.5,1.2
Daniel Theis,63,3,14.8,5.3,1.4,2.9,4.3,0.9,0.5,0.8,0.9,2.5,1.0
Shane Larkin,54,2,14.4,4.3,0.3,1.4,1.7,1.8,0.5,0.0,0.6,1.1,3.0
Abdel Nader,48,1,10.9,3.0,0.3,1.2,1.5,0.5,0.3,0.2,0.7,0.9,0.8
Jabari Bird,13,1,8.8,3.0,0.5,1.0,1.5,0.6,0.2,0.1,0.6,0.5,1.0
Semi Ojeleye,73,0,15.8,2.7,0.5,1.7,2.2,0.3,0.3,0.1,0.3,1.2,0.8
Guerschon Yabusele,33,4,7.1,2.4,0.5,1.1,1.6,0.5,0.1,0.2,0.4,0.7,1.3
Gordon Hayward,1,1,5.0,2.0,0.0,1.0,1.0,0.0,0.0,0.0,0.0,1.0,0.0
Kadeem Allen,18,1,5.9,1.1,0.2,0.4,0.6,0.7,0.2,0.1,0.5,0.8,1.3
Xavier Silas,2,0,3.5,0.0,0.5,0.5,1.0,0.0,0.5,0.0,0.0,0.5,0.0
Jarell Eddie,2,0,3.0,0.0,0.0,0.5,0.5,0.0,0.5,0.0,0.0,0.0,0.0
Nikola Mirotic,25,3,24.9,16.8,0.7,5.6,6.4,1.6,0.6,0.5,1.2,1.8,1.3
Zach LaVine,24,24,27.3,16.7,0.4,3.5,3.9,3.0,1.0,0.2,1.8,2.3,1.7
Sean Kilpatrick,9,1,23.8,15.4,0.3,2.4,2.8,1.4,0.7,0.3,1.3,0.9,1.1
Lauri Markkanen,68,68,29.7,15.2,1.2,6.3,7.5,1.2,0.6,0.6,1.2,1.5,1.0
Kris Dunn,52,43,29.3,13.4,0.5,3.8,4.3,6.0,2.0,0.5,2.9,3.3,2.1
Bobby Portis,73,4,22.5,13.2,2.2,4.6,6.8,1.7,0.7,0.3,1.4,1.8,1.2
Justin Holiday,72,72,31.5,12.2,0.4,3.6,4.0,2.1,1.1,0.4,1.3,1.9,1.6
Robin Lopez,64,64,26.4,11.8,2.1,2.4,4.5,1.9,0.2,0.8,1.7,1.7,1.2
Denzel Valentine,77,37,27.2,10.2,0.6,4.5,5.1,3.2,0.8,0.1,1.3,2.4,2.5
Cameron Payne,25,14,23.3,8.8,0.7,2.0,2.8,4.5,1.0,0.4,1.4,1.8,3.1
Jerian Grant,74,26,22.8,8.4,0.4,1.9,2.3,4.6,0.9,0.1,1.2,1.8,3.8
Antonio Blakeney,19,0,16.5,7.9,0.2,1.5,1.7,1.1,0.4,0.1,0.6,1.0,1.8
David Nwaba,70,21,23.5,7.9,1.3,3.4,4.7,1.5,0.8,0.4,1.1,2.3,1.4
Noah Vonleh,21,4,19.0,6.9,1.7,5.2,6.9,1.0,0.6,0.3,0.8,1.2,1.3
Cristiano Felicio,55,16,17.8,5.6,1.5,2.7,4.2,1.0,0.3,0.2,1.0,1.9,1.0
Paul Zipser,54,12,15.2,4.0,0.2,2.2,2.4,0.9,0.4,0.3,0.8,1.6,1.1
Kay Felder,14,0,9.6,3.9,0.1,0.9,1.0,1.4,0.2,0.1,1.1,0.8,1.3
Ryan Arcidiacono,24,0,12.7,2.0,0.0,1.0,1.0,1.5,0.5,0.0,0.5,0.8,2.7
Quincy Pondexter,23,1,8.5,2.0,0.3,0.8,1.2,0.4,0.3,0.1,0.5,1.0,0.8
Omer Asik,4,0,15.3,1.0,0.5,2.0,2.5,0.3,0.3,0.5,1.0,1.5,0.3
Jarell Eddie,1,0,3.0,0.0,0.0,0.0,0.0,0.0,0.0,0.0,0.0,0.0,0.0
Dennis Schroder,67,67,31.0,19.4,0.7,2.4,3.1,6.2,1.1,0.1,2.7,2.2,2.3
Taurean Prince,82,82,30.0,14.1,0.6,4.1,4.7,2.6,1.0,0.5,2.3,2.0,1.1
Kent Bazemore,65,65,27.5,12.9,0.4,3.4,3.8,3.5,1.5,0.7,2.4,2.3,1.5
Marco Belinelli,52,1,23.3,11.4,0.3,1.7,1.9,2.0,0.9,0.1,1.0,0.8,1.9
Ersan Ilyasova,46,40,25.5,10.9,1.6,3.8,5.5,1.1,1.0,0.4,0.9,2.0,1.2
Damion Lee,15,11,26.9,10.7,0.7,4.0,4.7,1.9,1.3,0.1,0.9,1.7,2.1
John Collins,74,26,24.1,10.5,2.4,4.9,7.3,1.3,0.6,1.1,1.4,2.9,0.9
Dewayne Dedmon,62,46,24.9,10.0,1.6,6.3,7.9,1.5,0.6,0.8,1.4,2.6,1.0
Mike Muscala,53,7,20.0,7.6,1.1,3.3,4.3,1.0,0.6,0.5,0.8,1.5,1.2
Tyler Dorsey,56,5,17.4,7.2,0.3,2.0,2.3,1.4,0.3,0.1,0.7,1.1,2.1
Isaiah Taylor,67,9,17.4,6.6,0.3,1.1,1.4,3.1,0.5,0.1,1.3,1.7,2.5
Malcolm Delaney,54,3,18.8,6.3,0.2,1.7,1.9,3.0,0.6,0.1,1.2,1.5,2.5
Luke Babbitt,37,9,15.4,6.1,0.1,2.1,2.2,0.7,0.2,0.1,0.4,1.3,1.7
DeAndre' Bembry,26,3,17.5,5.2,0.3,2.5,2.8,1.9,0.8,0.5,1.8,1.5,1.0
Tyler Cavanaugh,39,1,13.3,4.7,1.2,2.1,3.3,0.7,0.2,0.1,0.3,1.6,2.1
Jaylen Morris,6,0,16.3,4.7,0.3,2.3,2.7,1.2,0.3,0.2,1.0,0.3,1.2
Andrew White III,15,0,13.9,4.6,0.3,2.0,2.3,0.4,0.2,0.1,0.5,0.8,0.8
Miles Plumlee,55,35,16.7,4.3,1.4,2.7,4.1,0.8,0.3,0.5,1.1,1.4,0.7
Antonius Cleveland,4,0,10.5,3.3,0.3,0.8,1.0,0.0,0.3,0.3,1.3,3.0,0.0
Josh Magette,18,0,12.0,2.6,0.1,0.9,1.1,3.2,0.4,0.1,0.5,0.9,6.3
Jeremy Evans,1,0,5.0,2.0,1.0,0.0,1.0,0.0,0.0,0.0,1.0,1.0,0.0
Nicolas Brussino,4,0,2.5,0.0,0.0,0.8,0.8,0.0,0.0,0.0,0.0,0.0,0.0
Jeremy Lin,1,1,25.0,18.0,0.0,0.0,0.0,4.0,0.0,0.0,3.0,3.0,1.3
D'Angelo Russell,48,35,25.7,15.5,0.6,3.3,3.9,5.2,0.8,0.4,3.1,1.9,1.7
Rondae Hollis Jefferson,68,59,28.3,13.9,1.5,5.3,6.8,2.5,1.0,0.7,1.8,2.1,1.4
DeMarre Carroll,73,73,29.9,13.5,1.4,5.1,6.6,2.0,0.8,0.4,1.4,2.3,1.4
Allen Crabbe,75,68,29.3,13.2,0.4,3.9,4.3,1.6,0.6,0.5,1.0,2.2,1.5
Spencer Dinwiddie,80,58,28.8,12.6,0.5,2.7,3.2,6.6,0.9,0.3,1.6,2.3,4.1
Caris LeVert,71,10,26.3,12.1,0.7,2.9,3.7,4.2,1.2,0.3,2.2,2.2,2.0
Joe Harris,78,14,25.3,10.8,0.7,2.7,3.3,1.6,0.4,0.3,1.2,2.0,1.4
Trevor Booker,18,6,21.9,10.1,2.1,4.5,6.6,2.1,0.4,0.3,1.7,2.4,1.3
Jarrett Allen,72,31,20.0,8.2,2.0,3.4,5.4,0.7,0.4,1.2,1.1,2.0,0.6
Dante Cunningham,22,1,20.3,7.5,1.3,3.5,4.8,1.0,0.5,0.6,0.8,1.6,1.3
Tyler Zeller,42,33,16.7,7.1,1.5,3.1,4.6,0.7,0.2,0.5,0.8,1.9,0.8
Jahlil Okafor,26,0,12.6,6.4,0.7,2.3,2.9,0.4,0.1,0.6,0.7,1.7,0.6
Isaiah Whitehead,16,0,11.3,6.3,0.3,1.4,1.6,1.3,0.5,0.1,1.5,1.4,0.8
Quincy Acy,70,8,19.4,5.9,0.6,3.1,3.7,0.8,0.5,0.4,0.9,2.1,1.0
Nik Stauskas,35,0,13.7,5.1,0.1,1.7,1.8,1.1,0.1,0.1,0.6,0.6,1.7
Sean Kilpatrick,16,0,11.4,4.9,0.1,2.1,2.2,0.9,0.1,0.1,1.0,0.5,0.9
Timofey Mozgov,31,13,11.6,4.2,1.0,2.1,3.2,0.4,0.2,0.4,1.1,1.3,0.3
Milton Doyle,10,0,12.5,3.4,0.3,1.5,1.8,1.0,0.6,0.2,0.2,1.3,5.0
James Webb III,10,0,12.0,1.6,0.8,1.6,2.4,0.4,0.1,0.0,0.4,1.0,1.0
Jacob Wiley,5,0,6.6,0.8,0.4,1.8,2.2,0.4,0.2,0.0,0.0,0.8,INF
Rashad Vaughn,1,0,4.0,0.0,0.0,0.0,0.0,1.0,0.0,0.0,0.0,1.0,INF
LeBron James,82,82,36.9,27.5,1.2,7.5,8.6,9.1,1.4,0.9,4.2,1.7,2.2
Kevin Love,59,59,28.0,17.6,1.7,7.5,9.3,1.7,0.7,0.4,1.5,2.0,1.1
Isaiah Thomas,15,14,27.1,14.7,0.5,1.6,2.1,4.5,0.6,0.1,2.7,1.7,1.7
Jordan Clarkson,28,0,22.6,12.6,0.5,1.6,2.1,1.7,0.7,0.1,1.1,1.6,1.5
Dwyane Wade,46,3,23.2,11.2,0.8,3.1,3.9,3.5,0.9,0.7,2.0,1.8,1.8
Jeff Green,78,14,23.4,10.8,0.8,2.4,3.1,1.3,0.5,0.4,1.0,1.9,1.3
Rodney Hood,21,11,25.3,10.8,0.4,2.2,2.6,1.4,0.7,0.2,0.3,2.0,4.3
Derrick Rose,16,7,19.3,9.8,0.6,1.2,1.8,1.6,0.2,0.3,1.8,0.9,0.9
George Hill,24,24,27.9,9.4,0.8,1.8,2.7,2.8,0.9,0.6,1.2,2.2,2.4
Kyle Korver,73,4,21.6,9.2,0.1,2.1,2.3,1.2,0.4,0.4,0.8,1.8,1.6
Larry Nance Jr.,24,9,20.8,8.9,2.2,4.8,7.0,1.0,1.2,0.8,0.4,2.5,2.5
Jae Crowder,53,47,25.4,8.6,0.8,2.5,3.3,1.1,0.8,0.2,0.8,2.3,1.4
JR Smith,80,61,28.1,8.3,0.4,2.6,2.9,1.8,0.9,0.1,1.0,2.0,1.7
Tristan Thompson,53,22,20.2,5.8,2.4,4.3,6.6,0.6,0.3,0.3,0.7,1.9,0.9
Channing Frye,44,1,12.4,4.8,0.2,2.3,2.5,0.6,0.4,0.3,0.4,1.2,1.6
Jose Calderon,57,32,16.0,4.5,0.2,1.2,1.5,2.1,0.5,0.0,0.7,1.4,2.9
Iman Shumpert,14,6,19.7,4.4,0.5,2.4,2.9,1.2,0.6,0.3,1.1,1.6,1.1
Cedi Osman,61,12,11.0,3.9,0.3,1.7,2.0,0.7,0.4,0.0,0.5,1.3,1.3
Ante Zizic,32,2,6.7,3.7,0.8,1.1,1.9,0.2,0.1,0.4,0.3,0.9,0.5
Kendrick Perkins,1,0,15.0,3.0,0.0,1.0,1.0,2.0,1.0,0.0,1.0,1.0,2.0
John Holland,24,0,7.3,2.3,0.3,0.8,1.0,0.2,0.3,0.1,0.3,0.4,0.6
London Perrantes,14,0,4.7,0.5,0.1,0.2,0.3,0.4,0.1,0.1,0.1,0.4,5.0
Kemba Walker,80,80,34.2,22.1,0.4,2.7,3.1,5.6,1.1,0.3,2.2,1.2,2.5
Dwight Howard,81,81,30.4,16.6,3.1,9.3,12.5,1.3,0.6,1.6,2.6,3.1,0.5
Jeremy Lamb,80,18,24.6,12.9,0.6,3.4,4.1,2.3,0.8,0.4,1.2,1.7,2.0
Nicolas Batum,64,64,31.0,11.6,0.9,3.9,4.8,5.5,1.0,0.4,2.0,1.1,2.7
Frank Kaminsky,79,4,23.2,11.1,0.6,3.1,3.6,1.6,0.5,0.2,0.8,1.2,2.0
Marvin Williams,78,78,25.7,9.5,0.9,3.8,4.7,1.2,0.7,0.5,0.8,1.5,1.5
Michael Kidd-Gilchrist,74,74,25.0,9.2,1.1,2.9,4.1,1.0,0.7,0.4,0.7,1.9,1.3
Cody Zeller,33,0,19.0,7.1,2.0,3.3,5.4,0.9,0.4,0.6,1.0,2.5,0.9
Malik Monk,63,0,13.5,6.7,0.1,0.9,1.0,1.4,0.3,0.1,0.8,1.0,1.9
Willy Hernangomez,22,1,11.9,6.1,1.8,3.5,5.3,0.5,0.5,0.4,0.4,1.5,1.3
Johnny O'Bryant III,36,0,10.5,4.8,0.8,1.8,2.6,0.4,0.3,0.2,0.4,1.3,0.9
Michael Carter-Williams,52,2,16.1,4.6,0.7,1.9,2.7,2.2,0.8,0.4,1.0,1.9,2.2
Treveon Graham,63,2,16.7,4.3,0.7,1.3,1.9,0.9,0.5,0.0,0.4,1.7,2.2
Dwayne Bacon,53,6,13.5,3.3,0.1,2.3,2.3,0.7,0.3,0.0,0.4,0.9,1.7
Marcus Paige,5,0,5.6,2.4,0.0,0.8,0.8,0.6,0.0,0.0,0.0,0.0,INF
Mangok Mathiang,4,0,5.0,2.0,0.8,1.8,2.5,0.0,0.3,0.0,0.0,1.3,0.0
Julyan Stone,23,0,7.6,0.8,0.0,1.2,1.3,1.1,0.2,0.1,0.3,0.9,3.7
Kristaps Porzingis,48,48,32.4,22.7,1.3,5.3,6.6,1.2,0.8,2.4,1.9,2.9,0.6
Tim Hardaway Jr.,57,54,33.1,17.5,0.6,3.4,3.9,2.7,1.1,0.2,1.6,2.2,1.7
Enes Freedom,71,71,25.8,14.1,3.8,7.1,11.0,1.5,0.5,0.5,1.7,2.6,0.9
Michael Beasley,74,30,22.3,13.2,1.3,4.3,5.6,1.7,0.5,0.6,1.9,2.0,0.9
Trey Burke,36,9,21.8,12.8,0.4,1.6,2.0,4.7,0.7,0.1,1.2,1.2,4.0
Courtney Lee,76,69,30.4,12.0,0.4,2.6,2.9,2.4,1.1,0.2,1.1,1.4,2.1
Emmanuel Mudiay,22,14,22.4,8.8,0.5,2.2,2.6,3.9,0.9,0.3,1.9,1.5,2.1
Troy Williams,17,1,17.1,7.5,1.2,2.2,3.5,0.9,1.1,0.2,1.1,1.9,0.8
Jarrett Jack,62,56,25.0,7.5,0.4,2.7,3.1,5.6,0.6,0.1,1.9,1.6,3.0
Doug McDermott,55,1,21.3,7.2,0.6,1.8,2.4,0.9,0.2,0.2,0.6,1.3,1.5
Kyle O'Quinn,77,10,18.0,7.1,1.6,4.5,6.1,2.1,0.5,1.3,1.3,2.5,1.6
Luke Kornet,20,1,16.4,6.7,0.6,2.7,3.2,1.3,0.3,0.8,0.6,1.4,2.2
Frank Ntilikina,78,9,21.9,5.9,0.5,1.8,2.3,3.2,0.8,0.2,1.7,2.3,1.9
Isaiah Hicks,18,0,13.3,4.4,0.6,1.7,2.3,0.9,0.1,0.2,0.9,2.5,1.0
Willy Hernangomez,26,0,9.0,4.3,0.8,1.7,2.6,0.8,0.3,0.3,1.0,1.2,0.8
Damyean Dotson,44,2,10.8,4.1,0.2,1.7,1.9,0.7,0.3,0.0,0.4,0.8,1.8
Lance Thomas,73,31,18.5,4.1,0.6,1.8,2.4,0.6,0.4,0.2,0.6,1.8,1.1
Ramon Sessions,13,3,12.8,3.7,0.1,1.3,1.4,2.1,0.5,0.1,1.2,1.1,1.8
Ron Baker,29,1,13.3,2.4,0.2,0.9,1.0,1.6,0.9,0.2,0.6,1.1,2.6
Joakim Noah,7,0,5.7,1.7,0.9,1.1,2.0,0.6,0.3,0.3,0.6,0.7,1.0
Mindaugas Kuzminskas,1,0,2.0,0.0,0.0,0.0,0.0,0.0,0.0,0.0,0.0,0.0,0.0
Blake Griffin,25,25,33.2,19.8,1.1,5.6,6.6,6.2,0.4,0.4,2.6,2.4,2.3
Tobias Harris,48,48,32.6,18.1,0.8,4.3,5.1,2.0,0.7,0.3,1.1,1.9,1.8
Avery Bradley,40,40,31.7,15.0,0.5,1.9,2.4,2.1,1.2,0.2,2.3,2.0,0.9
Andre Drummond,78,78,33.7,15.0,5.1,10.9,16.0,3.0,1.5,1.6,2.6,3.2,1.2
Reggie Jackson,45,45,26.7,14.6,0.6,2.1,2.8,5.3,0.6,0.1,2.2,1.9,2.4
Reggie Bullock Jr.,62,52,27.9,11.3,0.4,2.0,2.5,1.5,0.8,0.2,0.8,1.1,2.0
Ish Smith,82,35,24.9,10.9,0.3,2.4,2.7,4.4,0.8,0.2,1.3,1.7,3.3
Anthony Tolliver,79,14,22.2,8.9,0.6,2.4,3.1,1.1,0.4,0.3,0.7,1.8,1.6
Stanley Johnson,69,50,27.4,8.7,0.5,3.2,3.7,1.6,1.4,0.2,1.1,2.4,1.5
Luke Kennard,73,9,20.0,7.6,0.3,2.1,2.4,1.7,0.6,0.2,0.9,1.2,1.8
James Ennis III,27,8,20.4,7.5,0.7,1.7,2.5,0.8,0.6,0.2,0.7,2.0,1.2
Dwight Buycks,29,0,14.7,7.4,0.4,1.0,1.4,2.0,0.7,0.1,1.3,1.3,1.5
Boban Marjanovic,19,1,9.0,6.2,0.8,2.2,3.0,0.7,0.2,0.3,1.2,1.5,0.6
Langston Galloway,58,2,14.9,6.2,0.2,1.4,1.6,1.0,0.6,0.1,0.3,0.7,3.2
Jon Leuer,8,0,17.0,5.4,0.9,3.1,4.0,0.6,0.1,0.4,0.9,2.0,0.7
Henry Ellenson,38,0,8.7,4.0,0.3,1.9,2.1,0.5,0.1,0.0,0.5,0.6,1.1
Jameer Nelson,7,0,16.6,3.7,0.3,0.9,1.1,3.3,0.6,0.1,1.6,2.0,2.1
Eric Moreland,67,3,12.0,2.1,1.2,2.9,4.1,1.2,0.5,0.8,0.6,1.7,1.9
Reggie Hearn,3,0,2.3,1.0,0.0,0.0,0.0,0.0,0.0,0.0,0.0,0.0,0.0
Kay Felder,2,0,3.0,1.0,1.0,1.0,2.0,0.0,0.0,0.0,0.5,0.0,0.0
Willie Reed,3,0,3.0,0.7,0.0,0.3,0.3,0.3,0.0,0.0,0.0,1.0,INF
Luis Montero,2,0,4.0,0.0,0.0,1.0,1.0,0.0,0.0,0.0,1.0,0.0,0.0
Goran Dragic,75,75,31.7,17.3,0.7,3.4,4.1,4.8,0.8,0.2,2.2,2.4,2.2
Dion Waiters,30,30,30.6,14.3,0.3,2.3,2.6,3.8,0.8,0.3,2.3,2.0,1.6
Hassan Whiteside,54,54,25.3,14.0,3.2,8.2,11.4,1.0,0.7,1.7,1.7,2.4,0.6
Josh Richardson,81,81,33.2,12.9,0.9,2.7,3.5,2.9,1.5,0.9,1.7,2.5,1.7
Dwyane Wade,21,0,22.2,12.0,0.5,2.9,3.4,3.1,0.9,0.7,2.3,1.9,1.4
Tyler Johnson,72,39,28.5,11.7,0.5,3.0,3.4,2.3,0.8,0.5,1.1,2.1,2.0
Kelly Olynyk,76,22,23.4,11.5,1.2,4.5,5.7,2.7,0.8,0.5,1.9,2.9,1.4
Wayne Ellington,77,2,26.5,11.2,0.3,2.5,2.8,1.0,0.7,0.1,0.7,1.2,1.5
James Johnson,73,41,26.6,10.8,0.8,4.1,4.9,3.8,1.0,0.7,1.9,2.6,2.0
Justise Winslow,68,25,24.7,7.8,0.9,4.5,5.4,2.2,0.8,0.5,1.1,2.1,1.9
Bam Adebayo,69,19,19.8,6.9,1.7,3.8,5.5,1.5,0.5,0.6,1.0,2.0,1.5
Rodney McGruder,18,2,16.6,5.1,0.6,1.2,1.8,0.9,0.4,0.2,0.2,1.2,4.3
Jordan Mickey,23,3,12.3,4.0,0.8,2.7,3.5,0.4,0.3,0.4,0.8,1.6,0.5
Derrick Jones Jr.,14,8,15.1,3.7,1.4,1.1,2.4,0.4,0.2,0.6,0.4,1.6,1.0
Okaro White,6,4,13.3,3.3,0.5,1.3,1.8,0.3,0.2,0.2,0.2,1.0,2.0
Luke Babbitt,13,5,11.2,2.5,0.2,1.0,1.2,0.4,0.1,0.2,0.3,0.5,1.3
Derrick Walton Jr.,16,0,9.2,1.8,0.1,0.9,1.0,1.0,0.4,0.2,0.1,0.4,8.0
Matt Williams Jr.,3,0,3.7,1.7,0.0,0.3,0.3,0.0,0.0,0.0,0.3,0.3,0.0
Udonis Haslem,14,0,5.1,0.6,0.2,0.5,0.7,0.4,0.0,0.1,0.1,0.2,2.5
Joel Embiid,63,63,30.3,22.9,2.3,8.7,11.0,3.2,0.6,1.8,3.7,3.3,0.9
JJ Redick,70,70,30.2,17.1,0.1,2.4,2.5,3.0,0.5,0.1,1.5,1.8,2.0
Ben Simmons,81,81,33.7,15.8,1.8,6.3,8.1,8.2,1.7,0.9,3.4,2.6,2.4
Dario Saric,78,73,29.6,14.6,2.0,4.7,6.7,2.6,0.7,0.3,1.9,2.1,1.4
Marco Belinelli,28,1,26.3,13.6,0.2,1.6,1.8,1.6,0.7,0.3,1.4,1.8,1.1
Robert Covington,80,80,31.6,12.6,0.7,4.7,5.4,2.0,1.7,0.9,1.6,3.0,1.2
Ersan Ilyasova,23,3,24.1,10.8,1.9,4.8,6.7,1.7,0.7,0.4,1.3,2.8,1.3
Jerryd Bayless,39,11,23.7,7.9,0.4,1.7,2.1,1.4,0.6,0.2,1.2,2.3,1.2
Markelle Fultz,14,0,18.1,7.1,0.8,2.3,3.1,3.8,0.9,0.3,1.2,1.6,3.1
Richaun Holmes,48,2,15.5,6.5,1.2,3.2,4.4,1.3,0.4,0.6,0.5,2.0,2.4
T.J. McConnell,76,1,22.4,6.3,0.5,2.5,3.0,4.0,1.2,0.2,1.5,1.6,2.7
Justin Anderson,38,0,13.7,6.2,0.7,1.8,2.4,0.7,0.4,0.2,0.4,1.4,1.6
Timothe Luwawu-Cabarrot,52,7,15.5,5.8,0.3,1.1,1.4,1.0,0.2,0.1,0.7,1.9,1.4
Jahlil Okafor,2,0,12.5,5.0,2.0,2.5,4.5,0.5,0.0,1.0,1.5,3.5,0.3
Trevor Booker,33,0,15.0,4.7,1.4,2.3,3.7,0.8,0.5,0.3,0.6,1.5,1.4
Amir Johnson,74,18,15.8,4.6,1.7,2.8,4.5,1.6,0.6,0.6,0.7,2.6,2.1
James Young,6,0,10.2,2.8,0.0,0.3,0.3,0.3,0.0,0.0,0.2,0.7,2.0
James Michael McAdoo,3,0,6.0,2.7,0.0,0.7,0.7,0.0,0.0,0.3,0.3,0.3,0.0
Demetrius Jackson,3,0,5.7,2.7,0.3,0.0,0.3,1.3,0.3,0.0,0.3,0.3,4.0
Furkan Korkmaz,14,0,5.7,1.6,0.1,0.6,0.8,0.3,0.1,0.1,0.1,0.9,2.0
Jacob Pullen,3,0,2.0,0.7,0.0,0.0,0.0,0.0,0.0,0.0,0.3,0.0,0.0
Larry Drew II,3,0,5.0,0.7,0.3,0.0,0.3,0.7,0.0,0.0,0.3,0.7,2.0
Nik Stauskas,6,0,7.5,0.7,0.0,0.2,0.2,0.2,0.7,0.0,0.7,0.5,0.3
Victor Oladipo,75,75,34.0,23.1,0.6,4.6,5.2,4.3,2.4,0.8,2.9,2.3,1.5
Bojan Bogdanovic,80,80,30.8,14.3,0.4,3.0,3.4,1.5,0.7,0.1,1.3,1.6,1.1
Myles Turner,65,62,28.2,12.7,1.4,5.0,6.4,1.3,0.6,1.8,1.5,2.9,0.9
Darren Collison,69,64,29.2,12.4,0.5,2.0,2.6,5.3,1.3,0.2,1.2,1.8,4.3
Thaddeus Young,81,81,32.2,11.8,2.3,4.0,6.3,1.9,1.7,0.4,1.3,2.2,1.4
Domantas Sabonis,74,19,24.5,11.6,2.2,5.5,7.7,2.0,0.5,0.4,1.9,3.0,1.1
Lance Stephenson,82,7,22.6,9.2,0.8,4.4,5.2,2.9,0.6,0.2,1.6,2.2,1.8
Cory Joseph,82,17,27.0,7.9,0.5,2.7,3.2,3.2,1.0,0.2,1.1,1.7,3.0
Al Jefferson,36,1,13.4,7.0,0.8,3.1,4.0,0.8,0.4,0.6,0.6,1.8,1.4
Trevor Booker,17,1,15.8,5.4,1.9,2.6,4.5,1.0,0.2,0.3,0.5,1.5,1.9
Glenn Robinson III,23,1,14.7,4.1,0.5,1.1,1.6,0.7,0.6,0.0,0.2,0.6,3.4
Joe Young,53,1,10.5,3.9,0.2,1.0,1.2,0.7,0.3,0.0,0.5,0.7,1.5
T.J. Leaf,53,0,8.6,2.9,0.5,1.0,1.5,0.2,0.1,0.1,0.2,0.8,0.9
Edmond Sumner,1,0,2.0,2.0,0.0,1.0,1.0,0.0,0.0,0.0,0.0,1.0,0.0
Damien Wilkins,19,1,8.0,1.7,0.3,0.6,0.8,0.5,0.1,0.1,0.3,0.4,1.8
Ike Anigbogu,11,0,2.7,1.2,0.5,0.4,0.8,0.0,0.1,0.3,0.2,0.1,0.0
Alex Poythress,25,0,4.2,1.0,0.3,0.4,0.7,0.1,0.1,0.0,0.1,0.6,1.0
Trey McKinney-Jones,1,0,1.0,0.0,0.0,0.0,0.0,0.0,0.0,0.0,0.0,0.0,0.0
Ben Moore,2,0,4.5,0.0,0.0,0.5,0.5,0.5,0.0,0.0,0.0,2.0,INF
Evan Fournier,57,57,32.2,17.8,0.4,2.8,3.2,2.9,0.8,0.3,1.7,2.4,1.7
Aaron Gordon,58,57,32.9,17.6,1.5,6.4,7.9,2.3,1.0,0.8,1.8,1.9,1.3
Nikola Vucevic,57,57,29.5,16.5,1.8,7.4,9.2,3.4,1.0,1.1,1.9,2.5,1.8
Jonathon Simmons,69,50,29.4,13.9,0.9,2.6,3.5,2.5,0.8,0.2,2.1,2.5,1.2
Elfrid Payton,44,44,28.6,13.0,1.1,2.9,4.0,6.3,1.5,0.4,2.6,2.2,2.4
D.J. Augustin,75,36,23.5,10.2,0.4,1.7,2.1,3.8,0.7,0.0,1.6,1.3,2.3
Mario Hezonja,75,30,22.1,9.6,0.5,3.2,3.7,1.4,1.1,0.4,1.1,1.8,1.2
Terrence Ross,24,20,25.0,8.7,0.4,2.6,3.0,1.6,1.1,0.5,1.2,1.9,1.3
Marreese Speights,52,3,13.0,7.7,0.4,2.2,2.6,0.8,0.2,0.4,0.8,2.0,1.0
Shelvin Mack,69,3,19.8,6.9,0.3,2.1,2.4,3.9,0.8,0.1,1.3,1.3,3.1
Rodney Purvis,16,2,18.1,6.0,0.1,1.6,1.7,1.1,0.2,0.2,0.6,1.6,1.7
Bismack Biyombo,82,25,18.2,5.7,1.8,4.0,5.7,0.8,0.3,1.2,1.0,1.9,0.8
Jonathan Isaac,27,10,19.8,5.4,0.6,3.1,3.7,0.7,1.2,1.1,1.0,1.8,0.7
Jamel Artis,15,1,18.6,5.1,0.3,2.3,2.5,1.2,0.1,0.2,0.5,0.7,2.3
Khem Birch,42,0,13.8,4.2,1.7,2.6,4.3,0.8,0.4,0.5,0.5,1.3,1.6
Adreian Payne,5,0,8.6,4.2,0.4,1.4,1.8,0.0,0.4,0.0,0.4,1.2,0.0
Wes Iwundu,62,12,16.5,3.7,0.6,1.6,2.2,0.9,0.5,0.2,0.5,1.3,1.9
Arron Afflalo,53,3,12.9,3.4,0.1,1.2,1.2,0.6,0.1,0.2,0.4,1.1,1.4
Rashad Vaughn,5,0,7.0,1.0,0.2,0.6,0.8,0.0,0.2,0.0,0.4,0.4,0.0
DeMar DeRozan,80,80,33.9,23.0,0.7,3.2,3.9,5.2,1.1,0.3,2.2,1.9,2.4
Kyle Lowry,78,78,32.2,16.2,0.8,4.7,5.6,6.9,1.1,0.2,2.3,2.5,2.9
Jonas Valanciunas,77,77,22.4,12.7,2.4,6.2,8.6,1.1,0.4,0.9,1.5,2.5,0.7
Serge Ibaka,76,76,27.5,12.6,1.0,5.3,6.3,0.8,0.4,1.3,1.2,2.8,0.7
CJ Miles,70,3,19.1,10.0,0.3,1.9,2.2,0.8,0.5,0.3,0.6,1.9,1.4
Fred VanVleet,76,0,20.0,8.6,0.3,2.1,2.4,3.2,0.9,0.3,1.0,1.7,3.3
Delon Wright,69,4,20.8,8.0,0.7,2.2,2.9,2.9,1.0,0.5,1.1,1.2,2.6
Pascal Siakam,81,5,20.7,7.3,1.0,3.5,4.5,2.0,0.8,0.5,0.8,2.0,2.4
Jakob Poeltl,82,0,18.6,6.9,2.0,2.8,4.8,0.7,0.5,1.2,1.0,2.6,0.7
O.G. Anunoby,74,62,20.0,5.9,0.6,1.9,2.5,0.7,0.7,0.2,0.6,1.8,1.2
Norman Powell,70,18,15.2,5.5,0.2,1.5,1.7,1.3,0.5,0.2,0.9,1.6,1.3
Nigel Hayes,2,0,3.0,3.0,0.0,0.0,0.0,0.0,0.0,0.0,0.5,0.0,0.0
Malcolm Miller,15,4,8.4,2.5,0.3,0.7,1.0,0.2,0.1,0.1,0.3,0.7,0.6
Lucas Nogueira,49,3,8.5,2.5,0.4,1.4,1.8,0.4,0.5,0.9,0.3,1.0,1.4
Lorenzo Brown,14,0,9.9,2.3,0.1,1.0,1.1,0.9,0.4,0.0,0.2,0.5,4.3
Malachi Richardson,1,0,5.0,2.0,0.0,1.0,1.0,0.0,0.0,0.0,0.0,0.0,0.0
Alfonzo McKinnie,14,0,3.8,1.5,0.1,0.4,0.5,0.1,0.1,0.1,0.2,0.6,0.3
Bruno Caboclo,2,0,3.5,0.0,0.0,0.5,0.5,0.5,0.5,0.0,0.0,0.5,INF
Giannis Antetokounmpo,75,75,36.7,26.9,2.1,8.0,10.0,4.8,1.5,1.4,3.0,3.1,1.6
Khris Middleton,82,82,36.4,20.1,0.5,4.7,5.2,4.0,1.5,0.3,2.3,3.3,1.7
Eric Bledsoe,71,71,31.5,17.8,0.7,3.2,3.9,5.1,2.0,0.6,2.9,2.5,1.8
Malcolm Brogdon,48,20,29.9,13.0,0.5,2.8,3.3,3.2,0.9,0.3,1.4,2.7,2.3
Jabari Parker,31,3,24.0,12.6,1.4,3.5,4.9,1.9,0.8,0.3,1.5,1.6,1.3
John Henson,76,69,25.9,8.8,2.0,4.8,6.8,1.5,0.6,1.4,1.1,2.7,1.4
Shabazz Muhammad,11,0,10.6,8.5,0.7,2.1,2.8,0.6,0.4,0.1,0.1,0.6,7.0
Mirza Teletovic,10,0,15.9,7.1,0.3,2.0,2.3,1.0,0.4,0.1,0.7,1.4,1.4
Tony Snell,75,59,27.4,6.9,0.1,1.8,1.9,1.3,0.6,0.4,0.5,1.5,2.7
Greg Monroe,5,0,15.8,6.8,1.2,3.8,5.0,1.0,0.0,0.0,1.2,1.4,0.8
Tyler Zeller,24,1,16.9,5.9,2.0,2.7,4.6,0.8,0.3,0.6,0.5,2.0,1.6
Brandon Jennings,14,0,14.6,5.2,0.4,1.9,2.2,3.1,0.4,0.3,1.3,0.8,2.4
Thon Maker,74,12,16.7,4.8,1.0,2.0,3.0,0.6,0.5,0.7,0.6,2.2,1.0
Matthew Dellavedova,38,3,18.7,4.3,0.4,1.3,1.7,3.8,0.4,0.0,1.3,1.8,3.0
Sean Kilpatrick,23,0,8.9,4.0,0.0,1.0,1.1,0.7,0.2,0.0,0.4,0.7,1.7
Sterling Brown,54,4,14.4,4.0,0.5,2.1,2.6,0.5,0.6,0.2,0.5,1.5,1.0
Jason Terry,51,4,16.0,3.3,0.1,0.8,0.9,1.2,0.8,0.3,0.5,1.0,2.4
Rashad Vaughn,22,0,7.9,2.7,0.1,0.7,0.8,0.5,0.2,0.1,0.2,0.5,3.0
Gary Payton II,12,6,8.8,2.5,0.3,1.1,1.4,0.8,0.3,0.1,0.3,1.4,3.0
DeAndre Liggins,31,1,15.5,1.8,0.2,1.4,1.6,0.9,0.9,0.3,0.4,2.0,2.1
Marshall Plumlee,8,0,6.5,1.8,0.5,1.6,2.1,0.3,0.0,0.1,0.4,1.3,0.7
Joel Bolomboy,6,0,6.3,1.5,1.0,0.7,1.7,0.0,0.3,0.0,0.3,0.5,0.0
D.J. Wilson,22,0,3.2,1.0,0.1,0.4,0.5,0.1,0.1,0.0,0.2,0.3,0.8
Xavier Munford,6,0,3.5,0.5,0.2,0.0,0.2,0.7,0.2,0.0,0.3,0.7,2.0
Bradley Beal,82,82,36.3,22.6,0.7,3.7,4.4,4.5,1.2,0.4,2.6,2.0,1.7
John Wall,41,41,34.4,19.4,0.5,3.1,3.7,9.6,1.4,1.1,3.9,2.0,2.5
Otto Porter Jr.,77,77,31.6,14.7,1.3,5.1,6.4,2.0,1.5,0.5,1.0,2.0,2.1
Kelly Oubre Jr.,81,11,27.5,11.8,0.7,3.8,4.5,1.2,1.0,0.4,1.1,2.9,1.1
Markieff Morris,73,73,27.0,11.5,1.0,4.6,5.6,1.9,0.8,0.5,1.7,3.0,1.1
Mike Scott,76,1,18.5,8.8,0.7,2.6,3.3,1.1,0.3,0.1,1.0,1.9,1.0
Marcin Gortat,82,82,25.3,8.4,2.2,5.4,7.6,1.8,0.5,0.7,1.2,2.1,1.5
Tomas Satoransky,73,30,22.5,7.2,1.0,2.2,3.2,3.9,0.7,0.2,1.1,1.8,3.4
Jodie Meeks,77,0,14.5,6.3,0.2,1.4,1.6,0.9,0.4,0.1,0.5,0.7,1.9
Ramon Sessions,15,0,15.0,5.9,0.3,1.0,1.3,3.3,0.5,0.1,1.0,1.0,3.3
Ian Mahinmi,77,0,14.9,4.8,1.8,2.3,4.1,0.7,0.5,0.5,1.3,3.0,0.5
Jason Smith,33,2,8.6,3.4,0.5,1.1,1.6,0.4,0.1,0.4,0.5,1.3,0.9
Tim Frazier,59,11,14.2,3.0,0.3,1.6,1.9,3.3,0.8,0.1,1.0,1.6,3.4
Chris McCullough,19,0,4.7,2.4,0.4,0.9,1.3,0.2,0.0,0.3,0.1,0.4,2.0
Devin Robinson,1,0,13.0,2.0,2.0,3.0,5.0,0.0,1.0,0.0,0.0,2.0,0.0
Nikola Jokic,75,73,32.5,18.5,2.6,8.1,10.7,6.1,1.2,0.8,2.8,2.8,2.2
Gary Harris,67,65,34.4,17.5,0.6,2.1,2.6,2.9,1.8,0.2,1.8,1.8,1.6
Jamal Murray,81,80,31.7,16.7,1.0,2.7,3.7,3.4,1.0,0.3,2.1,2.1,1.6
Will Barton,81,40,33.1,15.7,0.9,4.2,5.0,4.1,1.0,0.6,1.8,2.1,2.2
Paul Millsap,38,37,30.1,14.6,1.7,4.7,6.4,2.8,1.0,1.2,1.9,2.6,1.4
Wilson Chandler,74,71,31.6,10.0,1.4,4.0,5.4,2.1,0.6,0.5,1.2,2.1,1.7
Trey Lyles,73,2,19.1,9.9,0.8,4.0,4.8,1.2,0.4,0.5,0.8,1.5,1.5
Emmanuel Mudiay,42,0,17.9,8.5,0.4,1.9,2.2,2.9,0.5,0.1,1.7,1.1,1.7
Devin Harris,27,0,19.7,8.2,0.1,1.4,1.6,2.5,0.5,0.1,1.0,2.0,2.5
Mason Plumlee,74,26,19.5,7.1,1.8,3.6,5.4,1.9,0.7,1.1,1.4,2.5,1.4
Kenneth Faried,32,7,14.4,5.9,2.1,2.7,4.8,0.6,0.4,0.4,0.7,1.6,0.8
Torrey Craig,39,5,16.1,4.2,1.0,2.2,3.3,0.6,0.3,0.4,0.5,1.6,1.3
Monte Morris,3,0,8.3,3.3,0.0,0.7,0.7,2.3,1.0,0.0,0.3,0.3,7.0
Juancho Hernangomez,25,3,11.1,3.3,0.7,1.4,2.2,0.5,0.2,0.1,0.4,1.0,1.3
Malik Beasley,62,0,9.5,3.2,0.2,0.9,1.1,0.5,0.2,0.1,0.4,0.6,1.3
Darrell Arthur,19,1,7.4,2.8,0.2,0.6,0.8,0.5,0.4,0.2,0.8,1.2,0.6
Richard Jefferson,20,0,8.2,1.5,0.1,0.8,0.9,0.8,0.1,0.1,0.3,0.6,3.0
Tyler Lydon,1,0,2.0,0.0,0.0,0.0,0.0,0.0,0.0,0.0,0.0,0.0,0.0
Stephen Curry,51,51,32.0,26.4,0.7,4.4,5.1,6.1,1.6,0.2,3.0,2.2,2.0
Kevin Durant,68,68,34.2,26.4,0.5,6.4,6.8,5.4,0.7,1.8,3.0,2.0,1.8
Klay Thompson,73,73,34.3,20.0,0.4,3.4,3.8,2.5,0.8,0.5,1.8,1.6,1.4
Draymond Green,70,70,32.7,11.0,1.1,6.6,7.6,7.3,1.4,1.3,2.9,2.6,2.5
Quinn Cook,33,18,22.4,9.5,0.3,2.2,2.5,2.7,0.4,0.0,1.0,1.8,2.8
Nick Young,80,8,17.4,7.3,0.3,1.3,1.6,0.5,0.5,0.1,0.5,1.3,0.9
David West,73,0,13.7,6.8,0.9,2.4,3.3,1.9,0.6,1.0,1.1,1.6,1.7
Andre Iguodala,64,7,25.4,6.0,0.8,3.1,3.8,3.3,0.8,0.6,1.0,1.5,3.1
Omri Casspi,53,7,14.0,5.7,0.6,3.2,3.8,1.0,0.3,0.4,0.7,1.3,1.4
Shaun Livingston,71,7,15.9,5.5,0.5,1.4,1.8,2.0,0.5,0.3,0.8,1.6,2.4
Zaza Pachulia,69,57,14.1,5.4,1.3,3.4,4.7,1.6,0.6,0.2,1.0,1.8,1.5
JaVale McGee,65,17,9.5,4.8,0.9,1.7,2.6,0.5,0.3,0.9,0.4,1.4,1.2
Jordan Bell,57,13,14.2,4.6,1.1,2.6,3.6,1.8,0.6,1.0,0.9,1.6,2.0
Kevon Looney,66,4,13.8,4.0,1.3,2.0,3.3,0.6,0.5,0.8,0.5,1.6,1.4
Patrick McCaw,57,10,16.9,4.0,0.3,1.2,1.4,1.4,0.8,0.2,0.7,1.2,2.0
Damian Jones,15,0,5.9,1.7,0.3,0.6,0.9,0.1,0.1,0.2,0.3,0.9,0.5
Chris Boucher,1,0,1.0,0.0,0.0,1.0,1.0,0.0,0.0,0.0,0.0,0.0,0.0
Harrison Barnes,77,77,34.2,18.9,1.0,5.1,6.1,2.0,0.6,0.2,1.5,1.2,1.3
Dennis Smith Jr.,69,69,29.7,15.2,0.7,3.0,3.8,5.2,1.0,0.3,2.8,2.2,1.8
Wesley Matthews,63,63,33.8,12.7,0.4,2.7,3.1,2.7,1.2,0.3,1.3,2.2,2.1
Dirk Nowitzki,77,77,24.7,12.0,0.3,5.4,5.7,1.6,0.6,0.6,0.7,1.9,2.4
J.J. Barea,69,11,23.2,11.6,0.2,2.7,2.9,6.3,0.5,0.0,2.1,1.2,3.0
Yogi Ferrell,82,21,27.8,10.2,0.3,2.7,3.0,2.5,0.8,0.1,1.0,1.9,2.6
Doug McDermott,26,3,22.9,9.0,0.3,2.3,2.5,1.1,0.3,0.2,0.8,1.9,1.3
Johnathan Motley,11,4,16.0,8.7,1.3,3.2,4.5,0.6,0.3,0.2,0.8,1.6,0.8
Dwight Powell,79,24,21.2,8.5,1.7,3.9,5.6,1.2,0.8,0.4,0.7,2.4,1.5
Devin Harris,44,1,18.3,8.5,0.2,1.7,1.9,1.9,0.8,0.2,1.1,2.3,1.7
Aaron Harrison,9,3,25.9,6.7,0.4,2.2,2.7,1.2,1.0,0.2,0.3,3.0,3.7
Dorian Finney-Smith,21,13,21.3,5.9,1.0,2.5,3.6,1.2,0.5,0.2,1.0,2.0,1.2
Jalen Jones,12,0,13.5,5.8,1.1,1.8,2.9,0.3,0.4,0.1,0.6,1.7,0.6
Jameel Warney,3,0,9.0,5.7,1.3,1.7,3.0,0.0,0.0,0.0,0.3,0.7,0.0
Maxi Kleber,72,35,16.8,5.4,1.0,2.3,3.3,0.7,0.4,0.7,0.4,1.6,1.7
Nerlens Noel,30,6,15.7,4.4,1.6,4.0,5.6,0.7,1.0,0.7,0.9,2.0,0.8
Salah Mejri,61,1,12.0,3.5,1.4,2.6,4.0,0.6,0.4,1.1,0.6,2.0,0.9
Kyle Collinsworth,32,2,15.0,3.2,1.0,2.3,3.3,1.8,0.5,0.3,0.8,1.4,2.3
Gian Clavell,7,0,9.1,2.9,0.1,0.9,1.0,0.4,0.3,0.0,0.3,1.1,1.5
Jeff Withey,10,0,3.9,1.5,0.1,0.9,1.0,0.0,0.0,0.3,0.2,0.3,0.0
Scotty Hopson,1,0,8.0,1.0,0.0,0.0,0.0,1.0,0.0,0.0,1.0,0.0,1.0
Antonius Cleveland,13,0,6.2,0.8,0.2,0.6,0.8,0.2,0.5,0.3,0.2,0.8,1.0
Josh McRoberts,2,0,3.0,0.0,0.0,0.0,0.0,0.0,0.0,0.0,0.0,1.0,0.0
Jimmy Butler,59,59,36.7,22.2,1.3,4.0,5.3,4.9,2.0,0.4,1.8,1.3,2.7
Karl-Anthony Towns,82,82,35.6,21.3,2.9,9.4,12.3,2.4,0.8,1.4,1.9,3.5,1.3
Andrew Wiggins,82,82,36.3,17.7,1.0,3.4,4.4,2.0,1.1,0.6,1.7,2.0,1.2
Jeff Teague,70,70,33.0,14.2,0.3,2.6,3.0,7.0,1.5,0.3,2.5,2.4,2.8
Taj Gibson,82,82,33.3,12.2,2.4,4.8,7.1,1.2,0.8,0.7,1.1,2.7,1.1
Jamal Crawford,80,0,20.7,10.3,0.3,1.0,1.2,2.3,0.5,0.1,1.2,1.1,1.9
Nemanja Bjelica,67,21,20.5,6.8,0.8,3.3,4.1,1.3,0.7,0.2,0.8,2.1,1.7
Gorgui Dieng,79,0,16.9,5.9,1.3,3.2,4.6,0.9,0.6,0.5,0.7,1.9,1.2
Derrick Rose,9,0,12.4,5.8,0.3,0.3,0.7,1.2,0.4,0.0,0.8,0.2,1.6
Tyus Jones,82,11,17.9,5.1,0.2,1.4,1.6,2.8,1.2,0.1,0.7,1.3,3.9
Shabazz Muhammad,32,2,9.4,3.8,0.5,0.9,1.4,0.2,0.2,0.1,0.2,0.7,1.4
Anthony Brown,1,0,4.0,3.0,0.0,0.0,0.0,1.0,0.0,0.0,0.0,0.0,INF
Aaron Brooks,32,1,5.9,2.3,0.2,0.3,0.5,0.6,0.2,0.0,0.3,0.9,1.8
Justin Patton,1,0,4.0,2.0,0.0,0.0,0.0,0.0,1.0,0.0,0.0,1.0,0.0
Marcus Georges-Hunt,42,0,5.3,1.4,0.2,0.2,0.4,0.2,0.1,0.0,0.1,0.8,2.3
Cole Aldrich,21,0,2.3,0.6,0.1,0.6,0.7,0.1,0.1,0.0,0.0,0.5,3.0
Blake Griffin,33,33,34.5,22.6,1.4,6.5,7.9,5.4,0.9,0.3,3.0,2.4,1.8
Lou Williams,79,19,32.8,22.6,0.5,2.0,2.5,5.3,1.1,0.2,3.0,1.3,1.8
Tobias Harris,32,32,34.5,19.3,0.7,5.3,6.0,3.1,1.2,0.6,1.7,2.3,1.8
Danilo Gallinari,21,21,32.0,15.3,0.4,4.4,4.8,2.0,0.6,0.5,1.2,1.4,1.6
Austin Rivers,61,59,33.7,15.1,0.4,1.9,2.4,4.0,1.2,0.3,1.8,2.5,2.2
Patrick Beverley,11,11,30.4,12.2,1.5,2.6,4.1,2.9,1.7,0.5,2.3,3.1,1.3
DeAndre Jordan,77,77,31.5,12.0,4.3,10.9,15.2,1.5,0.5,0.9,1.8,2.6,0.9
Montrezl Harrell,76,3,17.0,11.0,1.4,2.7,4.0,1.0,0.5,0.7,0.9,1.9,1.1
Tyrone Wallace,30,19,28.4,9.7,0.7,2.8,3.5,2.4,0.9,0.4,1.5,2.8,1.5
Milos Teodosic,45,36,25.2,9.5,0.4,2.4,2.8,4.6,0.5,0.1,2.2,2.3,2.2
Avery Bradley,6,6,27.5,9.2,0.5,3.2,3.7,1.8,0.8,0.2,1.3,2.0,1.4
Jamil Wilson,15,10,18.3,7.0,0.2,1.9,2.1,0.7,0.3,0.5,0.5,2.3,1.3
Boban Marjanovic,20,0,8.4,5.9,1.7,2.7,4.4,0.4,0.3,0.3,0.7,1.2,0.6
C.J. Williams,38,18,18.6,5.5,0.3,1.2,1.5,1.1,0.8,0.3,0.5,1.7,2.2
Wesley Johnson,74,40,20.1,5.4,0.4,2.5,2.9,0.8,1.0,0.8,0.7,2.0,1.1
Willie Reed,39,5,10.7,4.9,0.9,2.2,3.1,0.2,0.2,0.6,0.5,1.4,0.5
Jawun Evans,48,4,16.2,4.8,0.2,1.6,1.8,2.1,0.8,0.1,0.9,2.0,2.3
Sean Kilpatrick,4,0,9.5,4.8,0.0,0.5,0.5,0.8,0.0,0.0,0.3,0.5,3.0
Sam Dekker,73,1,12.1,4.2,0.6,1.8,2.4,0.5,0.3,0.1,0.5,1.0,1.2
Sindarius Thornwell,73,16,15.8,3.9,0.5,1.5,1.9,0.9,0.7,0.3,0.7,1.7,1.3
Brice Johnson,9,0,4.2,1.8,0.2,1.2,1.4,0.1,0.7,0.2,0.4,0.8,0.3
James Harden,72,72,35.4,30.4,0.6,4.8,5.4,8.8,1.8,0.7,4.4,2.3,2.0
Chris Paul,58,58,31.8,18.6,0.6,4.8,5.4,7.9,1.7,0.2,2.2,2.4,3.6
Eric Gordon,69,30,31.2,18.0,0.4,2.1,2.5,2.2,0.6,0.4,1.9,1.7,1.2
Clint Capela,74,74,27.5,13.9,3.3,7.6,10.8,0.9,0.8,1.9,1.4,2.5,0.7
Gerald Green,41,2,22.7,12.1,0.4,2.9,3.2,0.6,0.6,0.4,0.8,2.1,0.8
Trevor Ariza,67,67,33.9,11.7,0.5,3.9,4.4,1.6,1.5,0.2,0.8,2.0,2.0
Ryan Anderson,66,50,26.1,9.3,1.4,3.6,5.0,0.9,0.4,0.3,0.6,1.9,1.4
Aaron Jackson,1,0,35.0,8.0,2.0,1.0,3.0,1.0,0.0,0.0,1.0,4.0,1.0
Luc Mbah a Moute,61,15,25.6,7.5,0.4,2.7,3.0,0.9,1.2,0.4,1.1,1.6,0.8
Nene ,52,4,14.6,6.5,1.0,2.3,3.4,0.9,0.5,0.3,0.7,2.4,1.2
P.J. Tucker,82,34,27.8,6.1,1.1,4.4,5.6,0.9,1.0,0.3,0.9,2.5,1.0
Joe Johnson,23,1,22.0,6.0,0.1,2.7,2.8,1.7,0.3,0.0,0.8,1.5,2.1
Brandan Wright,1,0,15.0,4.0,1.0,1.0,2.0,0.0,0.0,1.0,0.0,3.0,0.0
Chinanu Onuaku,1,0,22.0,4.0,1.0,3.0,4.0,1.0,0.0,0.0,3.0,4.0,0.3
RJ Hunter,5,1,9.0,3.8,0.0,1.0,1.0,0.6,0.6,0.0,0.4,1.4,1.5
Tarik Black,51,2,10.5,3.5,1.2,2.0,3.2,0.3,0.4,0.6,0.7,2.1,0.4
Bobby Brown,20,0,5.8,2.5,0.0,0.4,0.4,0.6,0.2,0.0,0.5,0.3,1.2
Briante Weber,13,0,9.1,2.0,0.2,1.2,1.4,1.0,0.8,0.2,0.5,1.4,1.9
Tim Quarterman,3,0,4.3,1.3,0.0,1.0,1.0,0.3,0.0,0.0,0.7,0.3,0.5
Markel Brown,4,0,7.8,1.3,0.3,1.0,1.3,0.5,0.0,0.0,0.5,1.5,1.0
Troy Williams,4,0,4.3,1.3,0.3,0.8,1.0,0.3,0.3,0.0,0.3,0.5,1.0
Zhou Qi,18,0,6.9,1.2,0.3,0.9,1.2,0.1,0.1,0.8,0.6,0.8,0.2
Demetrius Jackson,12,0,5.3,0.7,0.3,0.6,0.9,0.4,0.3,0.1,0.8,0.5,0.6
Isaiah Canaan,1,0,4.0,0.0,0.0,1.0,1.0,0.0,0.0,0.0,0.0,0.0,0.0
Russell Westbrook,80,80,36.4,25.4,1.9,8.2,10.1,10.3,1.8,0.3,4.8,2.5,2.2
Paul George,79,79,36.6,21.9,0.9,4.7,5.7,3.3,2.0,0.5,2.7,2.9,1.2
Carmelo Anthony,78,78,32.1,16.2,0.9,4.9,5.8,1.3,0.6,0.6,1.3,2.5,1.0
Steven Adams,76,76,32.7,13.9,5.1,4.0,9.0,1.2,1.2,1.0,1.7,2.8,0.7
Corey Brewer,18,16,28.6,10.1,1.1,2.3,3.4,1.3,2.1,0.3,0.6,3.1,2.2
Jerami Grant,81,1,20.3,8.4,1.1,2.9,3.9,0.7,0.4,1.0,0.7,1.9,1.1
Raymond Felton,82,2,16.6,6.9,0.3,1.6,1.9,2.5,0.6,0.2,0.9,1.1,2.7
Andre Roberson,39,39,26.6,5.0,1.9,2.8,4.7,1.2,1.2,0.9,0.8,2.3,1.5
Alex Abrines,75,8,15.1,4.7,0.3,1.2,1.5,0.4,0.5,0.1,0.3,1.7,1.1
Patrick Patterson,82,3,15.5,3.9,0.4,2.0,2.4,0.7,0.6,0.3,0.4,1.1,1.7
Terrance Ferguson,61,12,12.5,3.1,0.3,0.5,0.8,0.3,0.4,0.2,0.2,1.4,1.7
Josh Huestis,69,10,14.2,2.3,0.6,1.7,2.3,0.3,0.2,0.6,0.4,1.2,0.8
Nick Collison,15,0,5.0,2.1,0.5,0.9,1.3,0.3,0.0,0.0,0.5,0.5,0.6
Daniel Hamilton,6,0,4.7,2.0,0.0,0.8,0.8,1.3,0.2,0.0,0.3,0.3,4.0
Kyle Singler,12,0,4.9,1.9,0.1,0.8,0.8,0.2,0.1,0.0,0.3,0.3,0.7
Dakari Johnson,31,6,5.2,1.8,0.5,0.6,1.1,0.3,0.2,0.3,0.1,0.9,2.7
PJ Dozier,2,0,1.5,1.0,0.0,0.5,0.5,0.0,0.0,0.0,0.5,0.5,0.0
Julius Randle,82,49,26.7,16.1,2.2,5.8,8.0,2.6,0.5,0.5,2.6,3.3,1.0
Kyle Kuzma,77,37,31.2,16.1,1.1,5.1,6.3,1.8,0.6,0.4,1.8,2.1,1.0
Brandon Ingram,59,59,33.5,16.1,1.0,4.4,5.3,3.9,0.8,0.7,2.5,2.8,1.5
Isaiah Thomas,17,1,26.8,15.6,0.6,1.5,2.1,5.0,0.4,0.1,3.2,1.9,1.6
Jordan Clarkson,53,2,23.7,14.5,0.8,2.2,3.0,3.3,0.7,0.1,1.8,1.2,1.8
Kentavious Caldwell-Pope,74,74,33.2,13.4,0.8,4.4,5.2,2.2,1.4,0.2,1.3,2.0,1.7
Brook Lopez,74,72,23.4,13.0,1.0,3.0,4.0,1.7,0.4,1.3,1.3,2.6,1.3
Andre Ingram,2,0,32.0,12.0,0.5,2.5,3.0,3.5,1.5,1.5,1.5,1.5,2.3
Lonzo Ball,52,50,34.2,10.2,1.3,5.6,6.9,7.2,1.7,0.8,2.6,2.3,2.8
Larry Nance Jr.,42,17,22.0,8.6,2.6,4.2,6.8,1.4,1.4,0.5,1.0,2.7,1.4
Josh Hart,63,23,23.2,7.9,0.7,3.5,4.2,1.3,0.7,0.3,0.7,1.7,1.7
Channing Frye,9,0,16.7,5.8,0.2,2.6,2.8,1.1,0.1,0.1,0.4,1.7,2.5
Travis Wear,17,0,13.4,4.4,0.0,2.2,2.2,0.4,0.2,0.3,0.4,1.8,1.2
Tyler Ennis,54,11,12.6,4.1,0.4,1.4,1.8,1.9,0.6,0.2,0.7,1.4,2.8
Ivica Zubac,43,0,9.5,3.7,1.0,1.8,2.9,0.6,0.2,0.3,0.6,1.1,1.0
Corey Brewer,54,2,12.9,3.7,0.4,1.3,1.7,0.8,0.8,0.1,0.7,1.5,1.1
Alex Caruso,37,7,15.2,3.6,0.4,1.4,1.8,2.0,0.6,0.3,1.1,1.4,1.8
Gary Payton II,11,0,10.5,3.5,0.8,1.6,2.5,1.1,0.4,0.2,0.4,1.2,3.0
Luol Deng,1,1,13.0,2.0,0.0,0.0,0.0,1.0,1.0,0.0,1.0,0.0,1.0
Andrew Bogut,24,5,9.0,1.5,1.1,2.2,3.3,0.6,0.2,0.5,0.8,1.7,0.8
Nigel Hayes,2,0,5.5,1.5,0.0,0.0,0.0,1.0,0.0,0.0,0.0,0.0,INF
Thomas Bryant,15,0,4.8,1.5,0.2,0.9,1.1,0.4,0.1,0.1,0.1,0.4,3.0
Derrick Williams,2,0,4.5,1.0,0.0,0.5,0.5,0.0,0.0,0.0,0.0,0.0,0.0
Vander Blue,5,0,9.0,0.6,0.0,0.2,0.2,0.6,0.2,0.0,0.6,0.4,1.0
MarShon Brooks,7,1,27.6,20.1,1.3,1.9,3.1,3.6,1.6,0.4,2.3,0.9,1.6
Tyreke Evans,52,32,30.9,19.4,0.8,4.3,5.1,5.2,1.1,0.3,2.3,1.8,2.3
Marc Gasol,73,73,33.0,17.2,1.1,7.0,8.1,4.2,0.7,1.4,2.7,2.5,1.6
Mike Conley,12,12,31.1,17.1,0.0,2.3,2.3,4.1,1.0,0.3,1.5,2.0,2.7
Dillon Brooks,82,74,28.7,11.0,0.6,2.5,3.1,1.6,0.9,0.2,1.5,2.8,1.1
JaMychal Green,55,54,28.0,10.3,2.7,5.8,8.4,1.4,0.6,0.5,1.4,2.8,1.0
Andrew Harrison,56,46,23.7,9.5,0.4,1.9,2.3,3.2,0.7,0.5,1.4,2.5,2.2
Wayne Selden,35,9,19.7,9.3,0.5,1.1,1.6,1.9,0.5,0.1,1.5,1.7,1.2
Chandler Parsons,36,8,19.2,7.9,0.4,2.1,2.5,1.9,0.5,0.3,1.0,1.5,2.0
Jarell Martin,73,36,22.8,7.7,1.3,3.0,4.4,1.0,0.5,0.7,1.2,2.9,0.8
Mario Chalmers,66,10,21.5,7.7,0.2,2.2,2.4,3.0,1.2,0.2,1.8,2.7,1.7
Ben McLemore,56,17,19.5,7.5,0.6,1.9,2.5,0.9,0.7,0.3,1.1,2.5,0.8
James Ennis III,45,14,23.4,6.9,1.2,2.3,3.5,1.1,0.7,0.3,0.8,1.8,1.3
Kobi Simmons,32,12,20.1,6.1,0.4,1.1,1.6,2.1,0.6,0.2,1.4,1.9,1.5
Deyonta Davis,62,6,15.2,5.8,1.2,2.8,4.0,0.6,0.2,0.6,0.5,2.0,1.3
Xavier Rathan-Mayes,5,0,23.6,5.8,0.0,1.0,1.0,3.6,1.2,0.6,2.2,3.6,1.6
Ivan Rabb,36,5,14.3,5.6,1.5,2.9,4.4,0.9,0.3,0.4,1.0,1.5,0.9
Omari Johnson,4,0,18.8,5.5,1.0,1.8,2.8,1.8,0.5,0.0,0.8,1.5,2.3
Myke Henry,20,0,18.9,5.4,0.5,1.4,1.9,1.1,1.6,0.3,1.0,1.4,1.2
Brandan Wright,27,1,13.6,5.0,1.2,2.3,3.4,0.5,0.5,0.9,0.3,1.1,1.6
Briante Weber,5,0,23.8,4.8,1.0,2.4,3.4,1.8,1.6,0.4,1.6,2.0,1.1
Marquis Teague,3,0,24.7,3.7,0.3,1.7,2.0,4.3,1.3,0.0,1.0,1.7,4.3
Brice Johnson,9,0,6.7,3.0,0.8,1.2,2.0,0.1,0.3,0.4,0.1,0.7,1.0
Vince Shamar Hunter,4,0,1.8,1.5,0.5,0.3,0.8,0.0,0.0,0.3,0.3,0.0,0.0
Damian Lillard,73,73,36.6,26.9,0.8,3.6,4.5,6.6,1.1,0.4,2.8,1.6,2.3
CJ McCollum,81,81,36.1,21.4,0.7,3.3,4.0,3.4,1.0,0.4,1.9,2.1,1.8
Jusuf Nurkic,79,79,26.4,14.3,2.4,6.6,9.0,1.8,0.8,1.4,2.3,3.1,0.8
Al-Farouq Aminu,69,67,30.0,9.3,1.4,6.2,7.6,1.2,1.1,0.6,1.1,2.0,1.1
Shabazz Napier,74,9,20.7,8.7,0.4,1.9,2.3,2.0,1.1,0.2,1.2,1.1,1.7
Evan Turner,79,40,25.7,8.2,0.4,2.7,3.1,2.2,0.6,0.4,1.3,2.1,1.7
Maurice Harkless,59,37,21.4,6.5,0.8,2.0,2.7,0.9,0.8,0.7,0.7,1.7,1.3
Wade Baldwin IV,7,0,11.4,5.4,0.1,1.0,1.1,0.7,0.3,0.1,0.6,1.7,1.3
Pat Connaughton,82,5,18.1,5.4,0.4,1.5,2.0,1.1,0.3,0.3,0.5,1.5,2.1
Ed Davis,78,0,18.9,5.3,2.3,5.0,7.4,0.5,0.4,0.7,0.8,2.4,0.6
Zach Collins,66,1,15.8,4.4,0.7,2.7,3.3,0.8,0.3,0.5,0.9,2.0,0.9
Noah Vonleh,33,12,14.4,3.6,1.1,4.0,5.1,0.4,0.2,0.3,0.5,1.3,0.9
Meyers Leonard,33,2,7.7,3.4,0.4,1.8,2.1,0.5,0.2,0.0,0.3,1.1,1.7
Caleb Swanigan,27,3,7.0,2.3,0.6,1.4,2.0,0.5,0.2,0.1,0.7,1.4,0.8
Giorgios Papagiannis,1,0,4.0,2.0,1.0,0.0,1.0,0.0,2.0,0.0,0.0,0.0,0.0
Jake Layman,35,1,4.6,1.0,0.1,0.3,0.5,0.3,0.2,0.1,0.1,0.4,2.2
Devin Booker,54,54,34.5,24.9,0.5,4.0,4.5,4.7,0.9,0.3,3.6,3.1,1.3
T.J. Warren,65,65,33.0,19.6,1.9,3.2,5.1,1.3,1.0,0.6,1.3,2.3,1.0
Eric Bledsoe,3,3,27.7,15.7,1.0,1.3,2.3,3.0,1.3,0.7,3.3,2.0,0.9
Josh Jackson,77,35,25.4,13.1,1.2,3.3,4.6,1.5,1.0,0.5,1.9,2.8,0.8
Elfrid Payton,19,19,29.0,11.8,0.9,4.4,5.3,6.2,1.0,0.3,2.8,2.6,2.2
Greg Monroe,20,14,23.3,11.3,2.5,5.5,8.0,2.5,0.8,0.3,2.0,2.0,1.3
Mike James,32,10,20.9,10.4,0.4,2.4,2.8,3.8,0.8,0.2,1.5,1.4,2.5
Isaiah Canaan,19,1,22.0,9.1,0.3,2.0,2.3,4.0,0.8,0.1,1.5,1.9,2.6
Troy Daniels,79,15,20.5,8.9,0.2,1.5,1.6,0.6,0.3,0.1,0.7,1.7,0.9
Alex Len,69,13,20.2,8.5,2.5,5.0,7.5,1.2,0.4,0.9,1.1,2.3,1.1
Tyler Ulis,71,43,23.4,7.8,0.3,1.5,1.8,4.4,1.0,0.1,1.8,1.7,2.4
Marquese Chriss,72,49,21.2,7.7,1.1,4.4,5.5,1.2,0.7,1.0,1.5,2.8,0.8
Danuel House Jr.,23,3,17.5,6.6,0.6,2.7,3.3,1.1,0.3,0.3,0.5,1.0,2.3
Shaquille Harrison,23,2,16.7,6.6,0.4,2.3,2.7,2.4,1.1,0.3,1.0,1.8,2.5
Tyson Chandler,46,46,25.0,6.5,2.9,6.2,9.1,1.2,0.3,0.6,1.3,2.3,0.9
Dragan Bender,82,37,25.2,6.5,0.5,3.9,4.4,1.6,0.3,0.6,1.4,2.0,1.2
Josh Gray,5,0,17.2,6.4,0.4,1.6,2.0,2.4,1.6,0.4,1.4,1.6,1.7
Alec Peters,20,0,11.3,4.1,0.4,1.5,1.9,0.6,0.1,0.1,0.2,0.7,3.0
Alan Williams,5,0,14.0,4.0,0.6,3.8,4.4,1.6,1.0,0.2,1.4,2.6,1.1
Jared Dudley,48,0,14.3,3.2,0.2,1.8,2.0,1.6,0.5,0.2,0.6,1.8,2.8
Davon Reed,21,1,11.5,3.0,0.1,1.8,1.9,0.6,0.5,0.1,0.5,0.8,1.3
Derrick Jones Jr.,6,0,5.5,1.5,0.3,0.3,0.7,0.5,0.2,0.7,0.2,0.3,3.0
Anthony Davis,75,75,36.4,28.1,2.5,8.6,11.1,2.3,1.5,2.6,2.2,2.1,1.1
DeMarcus Cousins,48,48,36.2,25.2,2.2,10.7,12.9,5.4,1.6,1.6,5.0,3.8,1.1
Jrue Holiday,81,81,36.1,19.0,0.8,3.7,4.5,6.0,1.5,0.8,2.6,2.5,2.3
Nikola Mirotic,30,11,29.1,14.6,1.4,6.8,8.2,1.4,1.0,0.9,1.0,2.1,1.3
E'Twaun Moore,82,80,31.5,12.5,0.7,2.2,2.9,2.3,1.0,0.1,1.2,2.2,1.8
Rajon Rondo,65,63,26.2,8.3,0.5,3.6,4.0,8.2,1.1,0.2,2.3,1.8,3.5
Darius Miller,82,3,23.7,7.8,0.2,1.8,2.0,1.4,0.3,0.2,0.7,2.0,1.9
Ian Clark,74,2,19.6,7.4,0.1,1.6,1.7,1.5,0.4,0.1,0.8,1.6,1.9
Jordan Crawford,5,0,10.6,6.6,0.4,0.4,0.8,2.6,0.2,0.2,1.0,1.4,2.6
Jameer Nelson,43,0,20.9,5.1,0.3,2.0,2.2,3.6,0.5,0.1,1.3,1.6,2.8
Dante Cunningham,51,24,21.9,5.0,1.0,2.8,3.8,0.5,0.5,0.3,0.3,1.5,1.6
Cheick Diallo,52,0,11.2,4.9,0.9,3.2,4.1,0.4,0.2,0.4,0.5,1.6,0.7
Tony Allen,22,0,12.4,4.7,0.9,1.2,2.1,0.4,0.5,0.1,0.9,2.2,0.5
Emeka Okafor,26,19,13.6,4.4,1.8,2.8,4.6,0.3,0.3,1.0,0.5,1.2,0.6
Walt Lemon Jr.,5,0,7.0,3.4,0.0,0.4,0.4,1.0,0.0,0.2,0.8,1.0,1.3
Solomon Hill,12,1,15.6,2.4,0.8,2.3,3.0,1.8,0.6,0.1,0.8,1.8,2.4
Larry Drew II,7,0,7.9,2.1,0.3,0.0,0.3,1.1,0.0,0.0,0.3,0.6,4.0
DeAndre Liggins,27,3,9.0,1.6,0.1,0.9,1.0,0.8,0.4,0.1,0.3,0.7,3.0
Omer Asik,14,0,8.6,1.3,0.5,2.1,2.6,0.1,0.1,0.1,0.4,1.0,0.4
Jalen Jones,4,0,4.8,1.3,0.0,0.8,0.8,0.0,0.0,0.0,0.0,0.5,0.0
Mike James,4,0,4.5,1.0,0.3,0.0,0.3,1.5,0.3,0.0,0.3,0.8,6.0
Josh Smith,3,0,4.0,0.7,1.0,0.3,1.3,0.0,0.0,0.0,0.0,1.0,0.0
Charles Cooke,13,0,2.9,0.5,0.0,0.2,0.2,0.1,0.1,0.0,0.1,0.0,1.0
Donovan Mitchell,79,71,33.4,20.5,0.7,3.1,3.7,3.7,1.5,0.3,2.7,2.7,1.4
Rodney Hood,39,12,27.8,16.8,0.4,2.5,2.8,1.7,0.8,0.2,1.6,1.6,1.0
Rudy Gobert,56,56,32.4,13.5,2.9,7.8,10.7,1.4,0.8,2.3,1.9,2.7,0.7
Ricky Rubio,77,77,29.3,13.1,0.6,4.0,4.6,5.3,1.6,0.1,2.7,2.7,2.0
Derrick Favors,77,77,28.0,12.3,2.6,4.6,7.2,1.3,0.7,1.1,1.1,2.1,1.2
Jae Crowder,27,0,27.6,11.8,0.7,3.1,3.8,1.5,0.9,0.3,1.2,2.3,1.3
Joe Ingles,82,81,31.5,11.5,0.3,3.9,4.2,4.8,1.1,0.2,1.9,2.2,2.5
Thabo Sefolosha,38,6,21.2,8.2,0.8,3.5,4.2,0.9,1.4,0.3,0.8,1.6,1.1
Dante Exum,14,0,16.8,8.1,0.3,1.6,1.9,3.1,0.6,0.2,1.4,1.4,2.2
Alec Burks,64,1,16.5,7.7,0.3,2.7,3.0,1.0,0.6,0.1,0.9,1.2,1.1
Joe Johnson,32,3,21.9,7.3,0.4,3.0,3.3,1.4,0.4,0.2,1.0,1.0,1.5
Jonas Jerebko,74,19,15.3,5.8,0.7,2.6,3.3,0.6,0.3,0.2,0.4,1.7,1.6
Royce O'Neale,69,4,16.7,5.0,0.4,3.1,3.4,1.4,0.5,0.2,0.8,1.5,1.7
Raul Neto,41,0,12.1,4.5,0.2,1.0,1.2,1.8,0.3,0.1,0.9,0.9,2.1
David Stockton,3,0,3.0,3.3,0.0,0.0,0.0,0.0,0.0,0.0,0.3,1.0,0.0
Naz Mitrou-Long,1,0,1.0,3.0,0.0,0.0,0.0,0.0,0.0,0.0,0.0,0.0,0.0
Ekpe Udoh,63,3,12.9,2.6,1.1,1.3,2.4,0.8,0.7,1.2,0.3,1.7,2.7
Georges Niang,9,0,3.6,1.0,0.3,0.7,1.0,0.3,0.2,0.0,0.3,0.1,1.0
Tony Bradley,9,0,3.2,0.9,0.4,0.8,1.2,0.1,0.0,0.0,0.0,0.1,INF
Nate Wolters,5,0,3.8,0.4,0.2,0.2,0.4,0.2,0.0,0.0,0.0,0.2,INF
Erik McCree,4,0,2.0,0.0,0.0,0.3,0.3,0.0,0.3,0.0,0.3,0.0,0.0
Zach Randolph,59,58,25.6,14.5,1.6,5.1,6.7,2.2,0.7,0.2,2.0,2.0,1.1
Buddy Hield,80,13,25.3,13.5,0.7,3.2,3.8,1.9,1.1,0.3,1.6,1.9,1.3
Willie Cauley-Stein,73,57,28.0,12.8,1.8,5.2,7.0,2.4,1.1,0.9,1.5,2.5,1.6
Bogdan Bogdanovic,78,52,27.9,11.8,0.4,2.5,2.9,3.3,0.9,0.2,1.6,2.2,2.1
De'Aaron Fox,73,61,27.8,11.6,0.5,2.3,2.8,4.4,1.0,0.3,2.4,2.2,1.8
George Hill,43,36,26.6,10.3,0.5,2.2,2.7,2.8,0.9,0.3,1.4,1.7,2.0
Skal Labissiere,60,29,20.7,8.7,1.7,3.2,4.8,1.2,0.4,0.8,1.2,2.2,1.0
Garrett Temple,65,35,24.8,8.4,0.3,2.0,2.3,1.9,0.9,0.4,1.2,2.1,1.6
Frank Mason III,52,2,18.9,7.9,0.6,1.9,2.5,2.8,0.7,0.2,1.3,1.4,2.3
Kosta Koufos,71,12,19.6,6.7,2.1,4.5,6.6,1.2,0.7,0.5,0.7,2.1,1.8
Justin Jackson,68,41,22.1,6.7,0.4,2.4,2.8,1.1,0.4,0.2,0.6,1.2,1.9
Jack Cooley,7,0,12.4,5.7,2.0,2.3,4.3,0.9,0.1,0.0,0.4,1.9,2.0
Vince Carter,58,4,17.7,5.4,0.3,2.2,2.6,1.2,0.7,0.4,0.6,1.7,1.9
JaKarr Sampson,22,6,15.6,4.7,1.0,2.6,3.5,0.4,0.4,1.0,0.4,2.2,1.1
Nigel Hayes,5,0,21.0,3.6,0.8,3.6,4.4,0.8,0.4,0.6,0.2,1.6,4.0
Malachi Richardson,25,4,12.8,3.5,0.2,1.1,1.3,0.5,0.4,0.0,0.4,1.1,1.3
Bruno Caboclo,10,0,10.0,2.6,0.7,1.4,2.1,0.3,0.2,0.4,0.4,0.7,0.8
Giorgios Papagiannis,16,0,7.4,2.1,0.8,1.5,2.3,0.6,0.1,0.4,0.5,0.8,1.1
LaMarcus Aldridge,75,75,33.5,23.1,3.3,5.2,8.5,2.0,0.6,1.2,1.5,2.1,1.4
Kawhi Leonard,9,9,23.3,16.2,0.7,4.0,4.7,2.3,2.0,1.0,1.8,1.0,1.3
Rudy Gay,57,6,21.6,11.5,1.3,3.8,5.1,1.3,0.8,0.7,1.4,1.7,0.9
Pau Gasol,77,63,23.5,10.1,1.7,6.4,8.0,3.1,0.3,1.0,1.4,1.6,2.2
Patty Mills,82,36,25.7,10.0,0.3,1.6,1.9,2.8,0.7,0.1,1.3,1.6,2.2
Manu Ginobili,65,0,20.0,8.9,0.3,1.9,2.2,2.5,0.7,0.2,1.6,1.9,1.6
Danny Green,70,60,25.6,8.6,0.6,3.0,3.6,1.6,0.9,1.1,1.1,1.7,1.5
Dejounte Murray,81,48,21.5,8.1,1.4,4.3,5.7,2.9,1.2,0.4,1.7,1.9,1.7
Kyle Anderson,74,67,26.7,7.9,1.1,4.2,5.4,2.7,1.6,0.8,1.3,1.5,2.1
Tony Parker,55,21,19.5,7.7,0.1,1.6,1.7,3.5,0.5,0.0,1.2,0.9,2.9
Bryn Forbes,80,12,19.0,6.9,0.2,1.2,1.4,1.0,0.4,0.0,0.5,1.4,2.2
Davis Bertans,77,10,14.1,5.9,0.2,1.8,2.0,1.0,0.3,0.4,0.5,1.2,2.1
Joffrey Lauvergne,55,1,9.7,4.1,1.1,2.0,3.1,0.7,0.2,0.1,0.6,0.8,1.2
Derrick White,17,0,8.2,3.2,0.3,1.2,1.5,0.5,0.2,0.2,0.4,0.5,1.5
Brandon Paul,64,2,9.0,2.3,0.1,1.0,1.1,0.6,0.4,0.1,0.5,0.9,1.3
Darrun Hilliard,14,0,6.8,1.1,0.0,0.5,0.5,0.8,0.1,0.0,0.3,0.5,2.8
Matt Costello,4,0,8.0,1.0,0.3,2.0,2.3,0.5,0.5,0.5,0.3,1.8,2.0